File,albensis,apis,baretiae,baumannii,baylyi,beijerinckii,bereziniae,bohemicus,boissieri,bouvetii,brisouii,calcoaceticus,celticus,chengduensis,chinensis,colistiniresistens,courvalinii,cumulans,defluvii,dispersus,equi,gandensis,gerneri,gs06,gs16,guerrae,guillouiae,gyllenbergii,haemolyticus,halotolerans,harbinensis,idrijaensis,indicus,johnsonii,junii,kanungonis,kookii,kyonggiensis,lactucae,lanii,larvae,lwoffii,marinus,modestus,nectaris,nosocomialis,oleivorans,parvus,piscicola,pittii,pollinis,populi,portensis,pragensis,proteolyticus,pseudolwoffii,pullicarnis,puyangensis,qingfengensis,radioresistens,rathckeae,rongchengensis,rudis,schindleri,seifertii,seohaensis,shaoyimingii,sichuanensis,soli,stercoris,tandoii,terrae,terrestris,tianfuensis,tjernbergiae,towneri,ursingii,variabilis,venetianus,vivianii,wanghuae,wuhouensis,Label
GCF_015209685.1,1.0,0.0,0.0,0.02,0.01,0.02,0.04,0.05,0.0,0.01,0.01,0.02,0.01,0.01,0.01,0.01,0.02,0.03,0.02,0.01,0.01,0.02,0.02,0.02,0.03,0.02,0.04,0.02,0.02,0.0,0.02,0.01,0.04,0.05,0.03,0.01,0.02,0.03,0.02,0.02,0.01,0.06,0.01,0.01,0.0,0.02,0.01,0.04,0.04,0.04,0.01,0.0,0.02,0.01,0.02,0.02,0.02,0.0,0.01,0.02,0.0,0.01,0.01,0.04,0.03,0.02,0.01,0.01,0.02,0.01,0.03,0.05,0.06,0.01,0.01,0.03,0.03,0.04,0.03,0.01,0.02,0.04,albensis
GCF_900095025.1.fna,1.0,0.01,0.0,0.02,0.01,0.01,0.03,0.05,0.0,0.02,0.01,0.02,0.01,0.01,0.01,0.01,0.01,0.02,0.01,0.01,0.01,0.01,0.01,0.01,0.02,0.01,0.03,0.02,0.02,0.0,0.02,0.01,0.02,0.02,0.01,0.01,0.01,0.02,0.02,0.02,0.0,0.03,0.0,0.01,0.01,0.02,0.01,0.02,0.02,0.02,0.01,0.0,0.02,0.01,0.02,0.02,0.01,0.0,0.01,0.01,0.0,0.01,0.01,0.02,0.02,0.01,0.02,0.01,0.01,0.01,0.02,0.05,0.04,0.01,0.01,0.02,0.02,0.02,0.01,0.01,0.02,0.03,albensis
GCF_900095025.1,1.0,0.01,0.0,0.02,0.01,0.01,0.03,0.05,0.0,0.02,0.01,0.02,0.01,0.01,0.01,0.01,0.01,0.02,0.01,0.01,0.01,0.01,0.01,0.01,0.02,0.01,0.03,0.02,0.02,0.0,0.02,0.01,0.02,0.02,0.01,0.01,0.01,0.02,0.02,0.02,0.0,0.03,0.0,0.01,0.01,0.02,0.01,0.02,0.02,0.02,0.01,0.0,0.02,0.01,0.02,0.02,0.01,0.0,0.01,0.01,0.0,0.01,0.01,0.02,0.02,0.01,0.02,0.01,0.01,0.01,0.02,0.05,0.04,0.01,0.01,0.02,0.02,0.02,0.01,0.01,0.02,0.03,albensis
GCF_900197575.1.fna,0.01,1.0,0.01,0.02,0.01,0.01,0.02,0.01,0.01,0.01,0.01,0.02,0.0,0.0,0.01,0.0,0.01,0.01,0.01,0.0,0.01,0.01,0.01,0.01,0.02,0.01,0.02,0.01,0.01,0.0,0.01,0.0,0.01,0.01,0.01,0.0,0.0,0.01,0.01,0.01,0.0,0.01,0.0,0.0,0.01,0.01,0.01,0.01,0.02,0.02,0.02,0.0,0.01,0.0,0.01,0.01,0.0,0.0,0.0,0.01,0.01,0.0,0.01,0.01,0.01,0.01,0.01,0.0,0.01,0.0,0.01,0.01,0.01,0.0,0.01,0.01,0.01,0.01,0.01,0.01,0.01,0.02,apis
GCF_000297535.1,0.01,0.0,0.0,0.71,0.02,0.02,0.02,0.01,0.0,0.01,0.01,0.12,0.01,0.0,0.01,0.0,0.03,0.02,0.01,0.01,0.01,0.01,0.01,0.01,0.02,0.01,0.02,0.02,0.03,0.0,0.0,0.0,0.01,0.02,0.02,0.01,0.01,0.01,0.15,0.01,0.0,0.02,0.0,0.01,0.0,0.24,0.1,0.02,0.02,0.19,0.01,0.0,0.01,0.0,0.02,0.01,0.01,0.0,0.0,0.01,0.0,0.01,0.01,0.02,0.21,0.01,0.01,0.01,0.02,0.01,0.02,0.01,0.01,0.0,0.01,0.02,0.02,0.02,0.02,0.01,0.01,0.02,baumannii
GCF_000301175.1,0.01,0.0,0.0,0.92,0.01,0.02,0.03,0.02,0.0,0.01,0.01,0.12,0.01,0.01,0.01,0.01,0.02,0.02,0.01,0.01,0.01,0.01,0.01,0.01,0.03,0.02,0.02,0.02,0.02,0.01,0.01,0.0,0.01,0.02,0.02,0.01,0.01,0.01,0.15,0.01,0.0,0.02,0.0,0.01,0.0,0.25,0.1,0.02,0.02,0.22,0.01,0.0,0.01,0.0,0.02,0.01,0.01,0.0,0.0,0.02,0.0,0.01,0.01,0.02,0.19,0.01,0.01,0.01,0.01,0.01,0.02,0.01,0.01,0.01,0.01,0.02,0.02,0.02,0.02,0.02,0.01,0.02,baumannii
GCF_000301195.1,0.01,0.0,0.0,0.73,0.01,0.02,0.03,0.02,0.0,0.01,0.01,0.13,0.01,0.01,0.01,0.01,0.02,0.02,0.01,0.01,0.01,0.01,0.01,0.02,0.03,0.01,0.02,0.02,0.02,0.01,0.0,0.0,0.01,0.02,0.02,0.0,0.01,0.01,0.15,0.01,0.0,0.02,0.0,0.01,0.0,0.27,0.1,0.02,0.02,0.21,0.01,0.0,0.01,0.0,0.03,0.01,0.01,0.0,0.01,0.02,0.0,0.01,0.01,0.02,0.2,0.01,0.01,0.01,0.01,0.0,0.02,0.01,0.01,0.01,0.02,0.02,0.02,0.02,0.02,0.02,0.01,0.03,baumannii
GCF_000301515.1,0.01,0.0,0.01,0.87,0.02,0.02,0.02,0.01,0.0,0.01,0.01,0.13,0.01,0.01,0.01,0.01,0.02,0.01,0.01,0.01,0.01,0.01,0.01,0.02,0.03,0.02,0.02,0.02,0.02,0.01,0.01,0.0,0.01,0.02,0.02,0.01,0.0,0.01,0.14,0.01,0.0,0.02,0.0,0.01,0.0,0.26,0.1,0.02,0.02,0.19,0.01,0.0,0.01,0.0,0.02,0.01,0.0,0.0,0.01,0.01,0.01,0.01,0.01,0.01,0.2,0.01,0.01,0.01,0.01,0.0,0.02,0.01,0.01,0.01,0.02,0.01,0.02,0.01,0.02,0.02,0.01,0.02,baumannii
GCF_000301535.1,0.01,0.0,0.0,0.88,0.02,0.02,0.02,0.01,0.0,0.01,0.01,0.12,0.01,0.01,0.0,0.01,0.02,0.01,0.01,0.01,0.01,0.01,0.01,0.01,0.02,0.01,0.02,0.02,0.02,0.01,0.0,0.0,0.01,0.02,0.02,0.01,0.01,0.01,0.14,0.01,0.0,0.02,0.0,0.01,0.0,0.25,0.1,0.02,0.02,0.19,0.01,0.0,0.01,0.0,0.02,0.01,0.0,0.0,0.0,0.01,0.01,0.0,0.01,0.01,0.19,0.01,0.01,0.01,0.01,0.01,0.01,0.01,0.01,0.0,0.01,0.01,0.02,0.02,0.02,0.02,0.01,0.02,baumannii
GCF_000368125.1,0.01,0.01,0.0,0.89,0.02,0.02,0.03,0.02,0.0,0.02,0.02,0.13,0.01,0.01,0.01,0.02,0.03,0.01,0.02,0.01,0.01,0.01,0.02,0.02,0.03,0.02,0.03,0.03,0.03,0.01,0.01,0.0,0.02,0.03,0.03,0.01,0.01,0.01,0.18,0.01,0.01,0.03,0.0,0.02,0.01,0.28,0.13,0.03,0.03,0.19,0.01,0.01,0.02,0.0,0.03,0.02,0.01,0.01,0.01,0.02,0.01,0.01,0.02,0.02,0.21,0.01,0.01,0.01,0.02,0.01,0.02,0.02,0.02,0.01,0.02,0.02,0.02,0.02,0.03,0.01,0.01,0.02,baumannii
GCF_000368185.1,0.01,0.01,0.01,0.72,0.03,0.03,0.03,0.02,0.0,0.02,0.02,0.14,0.01,0.01,0.01,0.01,0.04,0.02,0.01,0.01,0.01,0.01,0.02,0.02,0.03,0.02,0.03,0.03,0.03,0.01,0.01,0.0,0.02,0.02,0.03,0.01,0.01,0.01,0.12,0.01,0.01,0.02,0.0,0.01,0.01,0.25,0.07,0.03,0.03,0.19,0.01,0.0,0.01,0.0,0.03,0.02,0.01,0.01,0.01,0.02,0.01,0.01,0.01,0.02,0.18,0.01,0.01,0.01,0.02,0.01,0.02,0.02,0.01,0.0,0.02,0.02,0.03,0.02,0.03,0.02,0.01,0.02,baumannii
GCF_000368685.1,0.01,0.01,0.01,0.03,1.0,0.02,0.03,0.02,0.0,0.02,0.02,0.03,0.01,0.01,0.01,0.02,0.02,0.02,0.02,0.01,0.01,0.01,0.02,0.02,0.03,0.03,0.03,0.03,0.02,0.01,0.01,0.0,0.02,0.02,0.02,0.01,0.01,0.01,0.03,0.01,0.01,0.02,0.0,0.02,0.01,0.03,0.03,0.02,0.03,0.03,0.01,0.01,0.01,0.01,0.03,0.02,0.01,0.01,0.01,0.02,0.01,0.01,0.01,0.02,0.04,0.01,0.01,0.01,0.08,0.01,0.02,0.02,0.02,0.01,0.02,0.02,0.03,0.02,0.02,0.01,0.01,0.02,baylyi
GCF_000621045.1,0.01,0.0,0.0,0.02,1.0,0.01,0.02,0.01,0.0,0.01,0.01,0.02,0.0,0.0,0.01,0.01,0.02,0.01,0.01,0.01,0.01,0.0,0.01,0.01,0.02,0.02,0.02,0.02,0.01,0.01,0.0,0.0,0.01,0.01,0.01,0.0,0.0,0.01,0.02,0.01,0.0,0.02,0.0,0.01,0.0,0.02,0.02,0.02,0.02,0.02,0.01,0.0,0.01,0.0,0.02,0.01,0.0,0.0,0.01,0.01,0.0,0.01,0.01,0.01,0.03,0.01,0.01,0.01,0.06,0.01,0.01,0.01,0.01,0.0,0.01,0.01,0.03,0.01,0.01,0.01,0.01,0.02,baylyi
GCF_001485005.1,0.01,0.0,0.0,0.02,1.0,0.01,0.02,0.01,0.0,0.01,0.01,0.02,0.0,0.01,0.01,0.0,0.02,0.01,0.01,0.0,0.0,0.0,0.01,0.01,0.02,0.02,0.02,0.02,0.01,0.01,0.0,0.0,0.01,0.01,0.01,0.01,0.0,0.0,0.02,0.01,0.0,0.02,0.0,0.0,0.0,0.02,0.02,0.01,0.02,0.02,0.01,0.0,0.01,0.0,0.02,0.01,0.0,0.01,0.01,0.01,0.0,0.0,0.01,0.01,0.03,0.0,0.01,0.01,0.06,0.01,0.01,0.01,0.01,0.0,0.01,0.01,0.02,0.01,0.01,0.01,0.01,0.02,baylyi
GCF_015627105.1,0.0,0.01,1.0,0.01,0.01,0.01,0.02,0.01,0.01,0.0,0.01,0.01,0.0,0.0,0.0,0.01,0.01,0.01,0.01,0.01,0.01,0.0,0.01,0.0,0.01,0.01,0.02,0.01,0.01,0.0,0.0,0.0,0.01,0.01,0.01,0.0,0.0,0.0,0.01,0.01,0.0,0.01,0.0,0.01,0.01,0.01,0.01,0.01,0.01,0.02,0.02,0.0,0.01,0.0,0.01,0.01,0.0,0.0,0.01,0.01,0.03,0.0,0.01,0.01,0.02,0.0,0.01,0.01,0.01,0.0,0.01,0.01,0.01,0.0,0.01,0.01,0.01,0.01,0.01,0.01,0.01,0.01,baretiae
GCF_015627115.1,0.01,0.01,1.0,0.01,0.01,0.01,0.01,0.01,0.03,0.01,0.01,0.02,0.0,0.0,0.01,0.0,0.01,0.01,0.01,0.0,0.01,0.0,0.01,0.01,0.01,0.01,0.02,0.01,0.01,0.0,0.0,0.0,0.01,0.01,0.01,0.0,0.0,0.01,0.01,0.01,0.0,0.01,0.0,0.0,0.01,0.01,0.01,0.01,0.02,0.02,0.02,0.0,0.01,0.0,0.01,0.01,0.0,0.0,0.01,0.01,0.03,0.01,0.01,0.01,0.01,0.0,0.01,0.0,0.01,0.0,0.01,0.01,0.01,0.0,0.01,0.01,0.01,0.01,0.01,0.01,0.01,0.02,baretiae
GCF_000248295.1,0.01,0.0,0.0,0.02,0.01,0.01,1.0,0.01,0.0,0.01,0.01,0.02,0.01,0.01,0.01,0.01,0.01,0.04,0.04,0.01,0.01,0.01,0.02,0.01,0.02,0.01,0.06,0.02,0.02,0.01,0.01,0.0,0.02,0.05,0.04,0.01,0.01,0.01,0.02,0.01,0.0,0.03,0.0,0.01,0.0,0.05,0.01,0.02,0.03,0.03,0.0,0.0,0.01,0.0,0.02,0.01,0.01,0.0,0.0,0.02,0.0,0.04,0.01,0.03,0.02,0.01,0.01,0.03,0.01,0.01,0.01,0.02,0.01,0.01,0.01,0.02,0.04,0.02,0.02,0.01,0.01,0.06,bereziniae
GCF_000368985.1,0.02,0.01,0.01,0.03,0.02,1.0,0.03,0.02,0.01,0.02,0.02,0.04,0.01,0.01,0.01,0.03,0.06,0.02,0.02,0.03,0.01,0.01,0.02,0.06,0.09,0.02,0.04,0.07,0.07,0.02,0.01,0.0,0.02,0.03,0.1,0.01,0.01,0.01,0.03,0.02,0.01,0.03,0.01,0.04,0.01,0.03,0.02,0.07,0.03,0.04,0.01,0.01,0.02,0.01,0.07,0.02,0.01,0.01,0.01,0.02,0.01,0.01,0.01,0.02,0.03,0.01,0.02,0.01,0.02,0.01,0.03,0.02,0.02,0.01,0.07,0.02,0.03,0.02,0.07,0.04,0.02,0.03,beijerinckii
GCF_000369005.1,0.02,0.01,0.01,0.03,0.02,1.0,0.03,0.02,0.01,0.01,0.02,0.03,0.01,0.01,0.01,0.03,0.05,0.02,0.01,0.04,0.01,0.01,0.02,0.05,0.08,0.02,0.04,0.07,0.07,0.02,0.01,0.0,0.03,0.03,0.09,0.01,0.01,0.01,0.03,0.01,0.01,0.02,0.0,0.04,0.01,0.03,0.02,0.08,0.02,0.04,0.01,0.0,0.02,0.01,0.08,0.02,0.01,0.01,0.01,0.02,0.01,0.01,0.01,0.02,0.03,0.01,0.01,0.01,0.02,0.01,0.02,0.02,0.02,0.01,0.06,0.02,0.03,0.02,0.07,0.03,0.01,0.02,beijerinckii
GCF_000753985.1,0.01,0.0,0.0,0.02,0.01,0.01,0.83,0.01,0.0,0.01,0.01,0.02,0.01,0.01,0.01,0.01,0.02,0.04,0.03,0.01,0.01,0.01,0.01,0.01,0.02,0.01,0.07,0.01,0.01,0.0,0.01,0.0,0.02,0.03,0.03,0.01,0.01,0.01,0.02,0.01,0.0,0.02,0.0,0.01,0.0,0.05,0.01,0.02,0.03,0.02,0.0,0.0,0.01,0.0,0.02,0.01,0.01,0.0,0.0,0.01,0.0,0.03,0.01,0.02,0.02,0.01,0.01,0.04,0.01,0.01,0.01,0.02,0.01,0.0,0.01,0.01,0.03,0.02,0.01,0.01,0.01,0.07,bereziniae
GCF_000825165.1,0.02,0.0,0.0,0.02,0.01,0.02,0.73,0.02,0.0,0.01,0.01,0.02,0.01,0.01,0.02,0.01,0.01,0.03,0.03,0.01,0.01,0.02,0.02,0.01,0.02,0.02,0.07,0.02,0.02,0.0,0.01,0.0,0.03,0.03,0.03,0.01,0.01,0.01,0.02,0.01,0.0,0.03,0.0,0.01,0.0,0.02,0.01,0.02,0.04,0.03,0.01,0.0,0.02,0.01,0.02,0.01,0.01,0.0,0.0,0.02,0.0,0.02,0.01,0.03,0.02,0.01,0.01,0.01,0.02,0.01,0.02,0.02,0.02,0.01,0.01,0.02,0.02,0.03,0.03,0.01,0.01,0.06,bereziniae
GCF_000931715.1,0.01,0.0,0.01,0.02,0.01,1.0,0.02,0.01,0.0,0.01,0.01,0.03,0.0,0.01,0.01,0.02,0.05,0.01,0.01,0.02,0.01,0.01,0.01,0.04,0.07,0.01,0.03,0.07,0.06,0.03,0.01,0.0,0.02,0.02,0.09,0.01,0.0,0.01,0.02,0.01,0.0,0.02,0.0,0.04,0.0,0.03,0.01,0.07,0.02,0.03,0.01,0.0,0.01,0.01,0.06,0.01,0.01,0.0,0.0,0.01,0.01,0.01,0.01,0.01,0.02,0.01,0.01,0.01,0.01,0.01,0.01,0.01,0.01,0.0,0.05,0.01,0.02,0.02,0.06,0.05,0.01,0.02,beijerinckii
GCF_002813045.1,0.01,0.0,0.0,0.02,0.01,0.01,0.71,0.01,0.0,0.01,0.01,0.02,0.01,0.01,0.01,0.01,0.02,0.02,0.02,0.01,0.01,0.01,0.02,0.01,0.02,0.01,0.08,0.02,0.01,0.01,0.01,0.0,0.01,0.02,0.01,0.01,0.01,0.01,0.02,0.02,0.01,0.02,0.0,0.01,0.01,0.01,0.01,0.01,0.04,0.02,0.01,0.0,0.01,0.01,0.02,0.01,0.01,0.0,0.01,0.01,0.01,0.02,0.01,0.02,0.02,0.01,0.02,0.02,0.01,0.01,0.02,0.02,0.02,0.01,0.01,0.01,0.02,0.02,0.02,0.01,0.01,0.04,bereziniae
GCF_000367925.1,0.04,0.01,0.01,0.02,0.02,0.02,0.04,1.0,0.0,0.02,0.02,0.03,0.02,0.02,0.02,0.01,0.02,0.03,0.02,0.01,0.02,0.02,0.02,0.02,0.03,0.02,0.04,0.02,0.02,0.01,0.02,0.01,0.03,0.04,0.02,0.0,0.02,0.15,0.03,0.02,0.01,0.03,0.01,0.01,0.01,0.02,0.02,0.02,0.04,0.03,0.01,0.01,0.03,0.01,0.03,0.03,0.01,0.01,0.01,0.02,0.01,0.02,0.02,0.03,0.03,0.01,0.03,0.02,0.02,0.01,0.03,0.08,0.06,0.01,0.02,0.03,0.02,0.03,0.03,0.02,0.02,0.03,bohemicus
GCF_000368865.1,0.02,0.01,0.01,0.02,0.02,0.02,0.03,0.03,0.0,1.0,0.02,0.03,0.01,0.01,0.01,0.01,0.02,0.04,0.02,0.01,0.01,0.02,0.02,0.02,0.03,0.02,0.03,0.02,0.02,0.01,0.02,0.01,0.03,0.05,0.02,0.01,0.02,0.01,0.03,0.02,0.01,0.04,0.0,0.01,0.01,0.02,0.02,0.02,0.03,0.02,0.01,0.0,0.03,0.04,0.02,0.03,0.01,0.01,0.01,0.02,0.01,0.01,0.02,0.03,0.02,0.01,0.02,0.01,0.02,0.01,0.03,0.03,0.02,0.02,0.02,0.03,0.02,0.03,0.02,0.01,0.02,0.03,bouvetii
GCF_000373725.1,0.01,0.0,0.0,0.02,0.01,0.01,0.02,0.01,0.0,1.0,0.01,0.02,0.01,0.01,0.01,0.0,0.01,0.03,0.01,0.0,0.01,0.02,0.01,0.01,0.02,0.01,0.02,0.01,0.01,0.0,0.01,0.01,0.02,0.04,0.01,0.01,0.01,0.01,0.01,0.01,0.0,0.03,0.0,0.01,0.0,0.01,0.01,0.01,0.02,0.02,0.0,0.0,0.01,0.04,0.01,0.02,0.01,0.0,0.0,0.01,0.0,0.01,0.01,0.02,0.01,0.01,0.01,0.01,0.01,0.01,0.02,0.02,0.02,0.02,0.01,0.02,0.01,0.02,0.01,0.01,0.01,0.03,bouvetii
GCF_001485025.1,0.01,0.0,0.0,0.01,0.01,0.01,0.02,0.02,0.0,1.0,0.01,0.02,0.02,0.01,0.01,0.0,0.01,0.03,0.01,0.01,0.01,0.02,0.01,0.01,0.02,0.01,0.02,0.01,0.01,0.0,0.01,0.01,0.02,0.03,0.01,0.01,0.02,0.01,0.01,0.01,0.0,0.03,0.0,0.0,0.0,0.01,0.01,0.01,0.02,0.02,0.0,0.0,0.01,0.03,0.01,0.02,0.01,0.0,0.0,0.01,0.0,0.01,0.01,0.02,0.01,0.01,0.01,0.01,0.01,0.0,0.02,0.03,0.03,0.02,0.01,0.02,0.01,0.02,0.01,0.01,0.02,0.02,bouvetii
GCF_900096955.1.fna,0.01,0.01,0.03,0.01,0.01,0.01,0.02,0.01,1.0,0.01,0.01,0.02,0.01,0.0,0.0,0.0,0.01,0.01,0.0,0.01,0.01,0.01,0.01,0.01,0.01,0.01,0.02,0.01,0.01,0.0,0.0,0.0,0.01,0.01,0.01,0.0,0.0,0.0,0.01,0.01,0.0,0.01,0.0,0.0,0.01,0.01,0.01,0.01,0.01,0.02,0.02,0.0,0.01,0.0,0.01,0.01,0.0,0.0,0.0,0.01,0.06,0.0,0.01,0.01,0.01,0.0,0.01,0.0,0.01,0.0,0.01,0.01,0.01,0.0,0.01,0.01,0.01,0.01,0.01,0.0,0.01,0.01,boissieri
GCF_900116265.1.fna,0.04,0.0,0.0,0.02,0.01,0.01,0.04,1.0,0.0,0.02,0.01,0.02,0.01,0.01,0.01,0.01,0.02,0.04,0.02,0.01,0.01,0.02,0.02,0.01,0.03,0.02,0.04,0.02,0.02,0.01,0.01,0.01,0.03,0.04,0.03,0.01,0.02,0.19,0.02,0.02,0.01,0.04,0.01,0.01,0.0,0.02,0.01,0.03,0.04,0.03,0.01,0.0,0.02,0.01,0.02,0.02,0.01,0.0,0.0,0.02,0.01,0.01,0.01,0.03,0.03,0.02,0.01,0.01,0.01,0.01,0.03,0.06,0.05,0.01,0.01,0.03,0.03,0.04,0.03,0.01,0.02,0.04,bohemicus
GCF_000368645.1,0.02,0.02,0.01,0.02,0.03,0.02,0.03,0.03,0.01,0.02,1.0,0.03,0.01,0.01,0.01,0.02,0.03,0.02,0.02,0.01,0.01,0.01,0.03,0.02,0.03,0.03,0.03,0.03,0.02,0.01,0.02,0.0,0.03,0.03,0.02,0.01,0.02,0.01,0.03,0.01,0.01,0.03,0.0,0.02,0.02,0.03,0.03,0.02,0.03,0.02,0.01,0.0,0.02,0.01,0.03,0.02,0.01,0.02,0.01,0.03,0.02,0.01,0.02,0.03,0.04,0.01,0.01,0.01,0.03,0.01,0.03,0.03,0.01,0.0,0.02,0.03,0.03,0.03,0.03,0.01,0.01,0.02,brisouii
GCF_000488275.1,0.01,0.01,0.01,0.03,0.02,0.02,0.03,0.02,0.01,0.01,1.0,0.03,0.01,0.01,0.01,0.01,0.02,0.02,0.02,0.02,0.01,0.01,0.02,0.02,0.03,0.02,0.03,0.02,0.02,0.01,0.01,0.0,0.02,0.02,0.02,0.01,0.01,0.01,0.02,0.01,0.01,0.02,0.01,0.01,0.01,0.02,0.02,0.02,0.02,0.03,0.01,0.0,0.01,0.01,0.02,0.02,0.01,0.01,0.01,0.02,0.01,0.01,0.01,0.02,0.03,0.01,0.02,0.01,0.02,0.01,0.02,0.02,0.02,0.01,0.02,0.02,0.02,0.02,0.02,0.01,0.01,0.03,brisouii
GCF_000931655.1,0.01,0.0,0.01,0.02,0.01,0.01,0.02,0.01,0.01,0.01,1.0,0.02,0.01,0.01,0.01,0.0,0.02,0.01,0.01,0.01,0.01,0.01,0.01,0.01,0.02,0.01,0.02,0.01,0.01,0.01,0.01,0.0,0.01,0.02,0.02,0.01,0.01,0.01,0.01,0.01,0.01,0.02,0.0,0.01,0.01,0.02,0.01,0.01,0.02,0.02,0.01,0.0,0.01,0.0,0.02,0.01,0.01,0.0,0.01,0.01,0.0,0.01,0.01,0.01,0.02,0.01,0.01,0.01,0.01,0.01,0.01,0.02,0.02,0.01,0.01,0.01,0.01,0.01,0.02,0.01,0.01,0.02,brisouii
GCF_000964015.1,0.01,0.0,0.01,0.02,0.02,0.01,0.02,0.01,0.0,0.01,1.0,0.02,0.0,0.01,0.01,0.01,0.02,0.02,0.01,0.01,0.01,0.01,0.01,0.01,0.02,0.01,0.02,0.02,0.01,0.0,0.01,0.0,0.02,0.02,0.02,0.01,0.01,0.01,0.02,0.01,0.0,0.02,0.0,0.01,0.01,0.02,0.01,0.02,0.02,0.03,0.01,0.0,0.01,0.01,0.02,0.02,0.01,0.0,0.0,0.01,0.0,0.01,0.01,0.02,0.02,0.01,0.01,0.01,0.02,0.01,0.02,0.02,0.02,0.01,0.01,0.02,0.02,0.02,0.02,0.01,0.01,0.02,brisouii
GCF_000302295.1,0.01,0.0,0.0,0.12,0.02,0.02,0.02,0.01,0.0,0.01,0.01,0.67,0.0,0.0,0.0,0.01,0.02,0.01,0.01,0.01,0.01,0.01,0.01,0.01,0.03,0.01,0.02,0.02,0.02,0.01,0.0,0.0,0.01,0.01,0.02,0.0,0.0,0.01,0.19,0.01,0.0,0.01,0.0,0.01,0.0,0.12,0.22,0.02,0.02,0.2,0.0,0.0,0.01,0.0,0.02,0.01,0.0,0.0,0.0,0.01,0.0,0.01,0.01,0.01,0.13,0.01,0.01,0.01,0.01,0.01,0.02,0.01,0.01,0.01,0.02,0.01,0.01,0.01,0.02,0.02,0.01,0.02,calcoaceticus
GCF_000309015.1,0.01,0.0,0.0,0.12,0.02,0.02,0.02,0.01,0.0,0.01,0.01,0.76,0.01,0.0,0.01,0.01,0.02,0.01,0.01,0.01,0.01,0.01,0.01,0.01,0.03,0.01,0.02,0.02,0.02,0.01,0.0,0.0,0.01,0.01,0.02,0.01,0.01,0.01,0.2,0.01,0.0,0.02,0.0,0.01,0.0,0.11,0.21,0.02,0.02,0.21,0.01,0.0,0.01,0.0,0.02,0.01,0.0,0.0,0.0,0.01,0.0,0.01,0.01,0.01,0.14,0.01,0.01,0.01,0.01,0.01,0.02,0.02,0.01,0.01,0.01,0.01,0.02,0.01,0.02,0.01,0.01,0.02,calcoaceticus
GCF_000367865.1,0.01,0.01,0.01,0.12,0.02,0.03,0.02,0.02,0.01,0.01,0.02,0.61,0.0,0.01,0.01,0.01,0.03,0.02,0.01,0.01,0.01,0.01,0.02,0.02,0.03,0.02,0.03,0.03,0.02,0.01,0.01,0.0,0.02,0.02,0.02,0.01,0.01,0.01,0.16,0.01,0.01,0.02,0.0,0.01,0.01,0.1,0.14,0.02,0.02,0.2,0.01,0.0,0.01,0.01,0.03,0.01,0.01,0.01,0.01,0.02,0.01,0.01,0.01,0.02,0.11,0.01,0.01,0.01,0.02,0.01,0.02,0.02,0.02,0.0,0.02,0.02,0.02,0.02,0.02,0.02,0.01,0.02,calcoaceticus
GCF_001707755.1,0.02,0.0,0.0,0.02,0.01,0.01,0.03,0.02,0.0,0.03,0.01,0.02,1.0,0.02,0.01,0.01,0.02,0.03,0.01,0.01,0.01,0.02,0.02,0.01,0.02,0.01,0.03,0.02,0.02,0.0,0.01,0.01,0.02,0.03,0.01,0.01,0.02,0.02,0.02,0.02,0.01,0.03,0.0,0.01,0.01,0.02,0.01,0.02,0.03,0.02,0.01,0.01,0.02,0.01,0.02,0.02,0.01,0.0,0.01,0.01,0.0,0.01,0.01,0.02,0.02,0.01,0.02,0.01,0.01,0.01,0.02,0.04,0.04,0.01,0.01,0.02,0.01,0.02,0.01,0.01,0.02,0.03,celticus
GCF_002165375.2,0.02,0.0,0.01,0.02,0.02,0.02,0.06,0.02,0.0,0.02,0.02,0.02,0.01,0.02,1.0,0.01,0.02,0.05,0.04,0.01,0.01,0.03,0.02,0.02,0.02,0.02,0.03,0.02,0.03,0.01,0.01,0.0,0.03,0.04,0.03,0.01,0.01,0.02,0.04,0.02,0.01,0.03,0.01,0.01,0.01,0.02,0.01,0.03,0.05,0.04,0.01,0.01,0.02,0.01,0.02,0.02,0.02,0.01,0.01,0.02,0.01,0.02,0.01,0.04,0.02,0.02,0.02,0.02,0.02,0.01,0.02,0.02,0.02,0.01,0.02,0.04,0.03,0.04,0.02,0.01,0.02,0.09,chinensis
GCF_003664645.1.fna,0.01,0.0,0.0,0.02,0.01,0.01,0.02,0.02,0.0,0.02,0.01,0.02,0.01,1.0,0.01,0.01,0.01,0.15,0.01,0.01,0.01,0.02,0.01,0.01,0.02,0.01,0.03,0.02,0.01,0.01,0.01,0.01,0.02,0.03,0.01,0.0,0.01,0.01,0.01,0.01,0.0,0.03,0.0,0.01,0.0,0.02,0.01,0.01,0.04,0.02,0.01,0.0,0.02,0.01,0.01,0.02,0.01,0.0,0.0,0.01,0.0,0.01,0.01,0.02,0.02,0.01,0.01,0.01,0.01,0.01,0.02,0.02,0.02,0.02,0.01,0.02,0.02,0.03,0.02,0.01,0.02,0.04,chengduensis
GCF_000369605.1,0.02,0.01,0.0,0.03,0.03,0.05,0.04,0.02,0.0,0.02,0.02,0.04,0.0,0.0,0.01,0.02,1.0,0.01,0.02,0.02,0.01,0.01,0.02,0.04,0.11,0.02,0.03,0.09,0.05,0.02,0.01,0.0,0.03,0.03,0.05,0.01,0.02,0.01,0.03,0.01,0.01,0.03,0.0,0.03,0.01,0.04,0.03,0.06,0.03,0.03,0.01,0.0,0.02,0.01,0.11,0.02,0.01,0.01,0.01,0.02,0.01,0.01,0.02,0.03,0.04,0.01,0.01,0.01,0.03,0.01,0.02,0.02,0.01,0.0,0.04,0.02,0.03,0.03,0.06,0.15,0.01,0.02,courvalinii
GCF_000369785.1,0.02,0.02,0.01,0.03,0.03,0.05,0.04,0.03,0.0,0.02,0.03,0.04,0.01,0.01,0.01,0.06,1.0,0.02,0.02,0.04,0.01,0.01,0.03,0.04,0.11,0.03,0.04,0.1,0.05,0.02,0.02,0.0,0.03,0.03,0.05,0.01,0.02,0.01,0.04,0.01,0.01,0.03,0.01,0.04,0.02,0.04,0.04,0.06,0.03,0.03,0.01,0.01,0.02,0.01,0.12,0.03,0.01,0.02,0.01,0.03,0.02,0.01,0.02,0.03,0.05,0.01,0.01,0.01,0.03,0.01,0.03,0.03,0.02,0.01,0.05,0.03,0.03,0.03,0.06,0.15,0.01,0.02,courvalinii
GCF_000413935.1,0.02,0.0,0.0,0.03,0.02,0.05,0.04,0.02,0.0,0.01,0.02,0.03,0.01,0.01,0.01,1.0,0.09,0.02,0.02,0.08,0.01,0.01,0.02,0.03,0.16,0.02,0.03,0.19,0.05,0.02,0.01,0.01,0.03,0.03,0.06,0.01,0.01,0.01,0.03,0.02,0.01,0.03,0.01,0.04,0.01,0.03,0.02,0.05,0.03,0.04,0.01,0.01,0.02,0.01,0.15,0.02,0.01,0.01,0.01,0.02,0.01,0.01,0.01,0.03,0.04,0.01,0.01,0.01,0.02,0.01,0.02,0.02,0.02,0.01,0.05,0.03,0.04,0.03,0.07,0.06,0.01,0.03,colistiniresistens
GCF_000580655.1,0.01,0.01,0.01,0.03,0.02,0.05,0.02,0.02,0.01,0.01,0.02,0.03,0.01,0.01,0.01,0.06,1.0,0.02,0.01,0.06,0.01,0.01,0.02,0.03,0.11,0.02,0.03,0.1,0.04,0.02,0.01,0.0,0.02,0.02,0.04,0.01,0.01,0.01,0.03,0.02,0.01,0.02,0.0,0.03,0.01,0.03,0.02,0.04,0.02,0.03,0.01,0.0,0.01,0.01,0.1,0.02,0.01,0.01,0.01,0.02,0.01,0.01,0.01,0.02,0.04,0.01,0.02,0.01,0.02,0.01,0.02,0.02,0.02,0.0,0.05,0.02,0.03,0.02,0.05,0.14,0.01,0.03,courvalinii
GCF_003024525.3,0.02,0.01,0.01,0.02,0.02,0.02,0.05,0.03,0.0,0.03,0.02,0.02,0.01,0.11,0.03,0.01,0.02,1.0,0.03,0.01,0.02,0.03,0.02,0.02,0.03,0.02,0.03,0.03,0.03,0.01,0.01,0.01,0.04,0.05,0.03,0.01,0.02,0.02,0.04,0.02,0.01,0.05,0.01,0.01,0.01,0.02,0.02,0.03,0.04,0.04,0.01,0.01,0.03,0.02,0.02,0.03,0.02,0.0,0.01,0.02,0.01,0.02,0.01,0.04,0.03,0.02,0.02,0.02,0.02,0.01,0.03,0.03,0.03,0.03,0.02,0.04,0.03,0.04,0.03,0.01,0.02,0.05,cumulans
GCF_003664635.1,0.02,0.0,0.0,0.02,0.01,0.01,0.05,0.02,0.0,0.02,0.01,0.02,0.01,0.08,0.01,0.01,0.01,0.7,0.04,0.01,0.01,0.02,0.02,0.01,0.02,0.01,0.02,0.02,0.02,0.01,0.01,0.01,0.03,0.05,0.05,0.01,0.01,0.02,0.01,0.01,0.0,0.04,0.0,0.01,0.0,0.04,0.01,0.02,0.03,0.02,0.0,0.0,0.02,0.01,0.02,0.02,0.01,0.0,0.0,0.02,0.0,0.04,0.01,0.03,0.02,0.01,0.01,0.03,0.01,0.01,0.04,0.02,0.02,0.02,0.01,0.03,0.04,0.03,0.02,0.01,0.02,0.06,cumulans
GCF_003664655.1,0.02,0.0,0.0,0.02,0.01,0.01,0.06,0.02,0.0,0.02,0.01,0.02,0.01,0.08,0.01,0.0,0.01,0.71,0.03,0.0,0.01,0.03,0.02,0.01,0.02,0.02,0.03,0.01,0.02,0.0,0.01,0.01,0.03,0.05,0.06,0.01,0.01,0.02,0.01,0.02,0.0,0.04,0.0,0.0,0.0,0.04,0.01,0.02,0.04,0.03,0.01,0.0,0.02,0.01,0.02,0.02,0.02,0.0,0.0,0.02,0.0,0.04,0.01,0.03,0.02,0.01,0.01,0.05,0.01,0.01,0.04,0.02,0.02,0.03,0.01,0.03,0.04,0.04,0.02,0.01,0.02,0.08,cumulans
GCF_001704615.1,0.02,0.0,0.0,0.02,0.01,0.01,0.07,0.02,0.0,0.01,0.01,0.02,0.01,0.01,0.02,0.01,0.01,0.06,1.0,0.01,0.01,0.01,0.02,0.01,0.02,0.01,0.04,0.02,0.02,0.01,0.01,0.0,0.02,0.05,0.05,0.01,0.01,0.01,0.02,0.02,0.0,0.03,0.0,0.01,0.0,0.05,0.01,0.02,0.07,0.03,0.01,0.0,0.02,0.01,0.02,0.01,0.01,0.0,0.0,0.02,0.01,0.05,0.01,0.02,0.02,0.01,0.01,0.05,0.02,0.01,0.02,0.02,0.02,0.01,0.01,0.03,0.05,0.02,0.02,0.01,0.01,0.08,defluvii
GCF_013072655.1,0.02,0.01,0.0,0.02,0.01,0.02,0.05,0.02,0.0,0.01,0.01,0.02,0.01,0.01,0.02,0.01,0.02,0.03,1.0,0.01,0.01,0.02,0.03,0.01,0.02,0.02,0.04,0.02,0.02,0.01,0.01,0.0,0.02,0.03,0.03,0.01,0.01,0.01,0.02,0.02,0.01,0.03,0.01,0.01,0.0,0.02,0.01,0.02,0.08,0.03,0.01,0.0,0.02,0.01,0.02,0.02,0.01,0.0,0.01,0.01,0.01,0.02,0.01,0.03,0.02,0.01,0.02,0.03,0.02,0.01,0.02,0.02,0.02,0.01,0.01,0.03,0.03,0.03,0.02,0.01,0.01,0.06,defluvii
GCF_009884975.1,0.01,0.0,0.01,0.03,0.02,0.05,0.03,0.01,0.0,0.01,0.01,0.03,0.01,0.01,0.01,0.08,0.09,0.02,0.01,1.0,0.01,0.01,0.01,0.03,0.31,0.01,0.03,0.16,0.04,0.03,0.0,0.0,0.02,0.02,0.04,0.01,0.01,0.01,0.03,0.01,0.01,0.02,0.01,0.02,0.01,0.02,0.02,0.05,0.02,0.03,0.01,0.0,0.01,0.01,0.18,0.01,0.01,0.0,0.01,0.01,0.01,0.01,0.01,0.02,0.03,0.01,0.01,0.01,0.02,0.01,0.02,0.02,0.01,0.01,0.06,0.02,0.02,0.02,0.05,0.07,0.01,0.02,dispersus
GCF_001307195.1,0.01,0.01,0.01,0.03,0.02,0.02,0.04,0.03,0.01,0.02,0.02,0.03,0.01,0.01,0.02,0.01,0.02,0.03,0.02,0.01,1.0,0.02,0.02,0.02,0.03,0.02,0.03,0.02,0.02,0.01,0.01,0.01,0.02,0.03,0.02,0.01,0.01,0.01,0.03,0.02,0.01,0.03,0.01,0.01,0.01,0.02,0.02,0.02,0.03,0.03,0.01,0.01,0.03,0.01,0.02,0.02,0.01,0.01,0.01,0.02,0.01,0.01,0.02,0.03,0.03,0.01,0.02,0.01,0.02,0.01,0.03,0.03,0.02,0.01,0.02,0.02,0.02,0.03,0.02,0.01,0.03,0.03,equi
GCF_001678755.1,0.02,0.0,0.0,0.02,0.01,0.01,0.03,0.02,0.0,0.02,0.01,0.02,0.02,0.02,0.01,0.01,0.02,0.04,0.02,0.01,0.01,1.0,0.02,0.01,0.02,0.01,0.03,0.02,0.02,0.0,0.01,0.01,0.02,0.04,0.02,0.01,0.01,0.02,0.02,0.02,0.0,0.04,0.0,0.01,0.0,0.02,0.01,0.02,0.03,0.02,0.0,0.01,0.02,0.01,0.02,0.02,0.01,0.0,0.0,0.01,0.0,0.02,0.01,0.03,0.02,0.01,0.02,0.01,0.01,0.01,0.02,0.03,0.04,0.02,0.01,0.03,0.02,0.04,0.02,0.01,0.03,0.03,gandensis
GCF_008802205.1,0.02,0.0,0.0,0.02,0.01,0.01,0.03,0.02,0.0,0.02,0.01,0.02,0.02,0.03,0.01,0.01,0.02,0.05,0.02,0.01,0.01,1.0,0.02,0.01,0.02,0.02,0.03,0.02,0.02,0.01,0.01,0.01,0.03,0.04,0.02,0.0,0.01,0.01,0.02,0.02,0.01,0.04,0.0,0.01,0.01,0.02,0.01,0.02,0.03,0.03,0.01,0.01,0.03,0.01,0.02,0.02,0.01,0.0,0.01,0.02,0.0,0.02,0.01,0.04,0.02,0.01,0.02,0.01,0.02,0.01,0.02,0.03,0.03,0.02,0.01,0.03,0.02,0.04,0.02,0.01,0.03,0.04,gandensis
GCF_000368565.1,0.03,0.02,0.01,0.02,0.03,0.03,0.05,0.04,0.0,0.03,0.03,0.04,0.01,0.01,0.01,0.03,0.03,0.03,0.04,0.01,0.01,0.02,1.0,0.03,0.04,0.03,0.05,0.03,0.03,0.01,0.02,0.0,0.04,0.04,0.04,0.01,0.02,0.01,0.04,0.02,0.01,0.05,0.01,0.02,0.02,0.04,0.03,0.04,0.05,0.03,0.01,0.01,0.04,0.01,0.03,0.04,0.01,0.02,0.01,0.04,0.02,0.02,0.03,0.04,0.04,0.02,0.02,0.02,0.03,0.01,0.04,0.04,0.02,0.01,0.03,0.04,0.04,0.04,0.04,0.01,0.01,0.04,gerneri
GCF_000430245.1,0.01,0.0,0.0,0.02,0.01,0.01,0.03,0.02,0.0,0.01,0.01,0.02,0.0,0.01,0.01,0.01,0.01,0.02,0.02,0.01,0.01,0.01,1.0,0.01,0.02,0.01,0.03,0.02,0.01,0.01,0.0,0.0,0.02,0.02,0.02,0.01,0.01,0.01,0.01,0.01,0.01,0.03,0.0,0.01,0.0,0.02,0.01,0.02,0.03,0.02,0.01,0.0,0.02,0.01,0.01,0.01,0.01,0.0,0.0,0.02,0.0,0.01,0.01,0.02,0.02,0.01,0.01,0.01,0.01,0.02,0.02,0.01,0.01,0.01,0.01,0.02,0.02,0.02,0.02,0.01,0.01,0.04,gerneri
GCF_000747725.1,0.01,0.0,0.0,0.02,0.01,0.01,0.03,0.01,0.0,0.01,0.01,0.02,0.01,0.01,0.01,0.01,0.01,0.02,0.02,0.0,0.01,0.01,1.0,0.01,0.02,0.01,0.03,0.02,0.01,0.0,0.0,0.0,0.01,0.02,0.02,0.01,0.01,0.01,0.01,0.01,0.0,0.02,0.0,0.0,0.0,0.02,0.01,0.02,0.03,0.02,0.0,0.0,0.01,0.0,0.01,0.01,0.01,0.0,0.0,0.01,0.0,0.01,0.01,0.02,0.02,0.01,0.01,0.01,0.01,0.02,0.02,0.02,0.01,0.01,0.01,0.02,0.02,0.02,0.01,0.01,0.01,0.04,gerneri
GCF_000367985.1,0.04,0.02,0.01,0.03,0.04,0.07,0.06,0.04,0.0,0.03,0.03,0.05,0.01,0.01,0.01,0.04,0.06,0.03,0.04,0.01,0.01,0.01,0.04,1.0,0.08,0.04,0.05,0.07,0.1,0.13,0.04,0.01,0.05,0.06,0.08,0.01,0.03,0.01,0.04,0.02,0.01,0.06,0.0,0.04,0.03,0.05,0.03,0.08,0.05,0.03,0.01,0.01,0.04,0.01,0.07,0.04,0.02,0.02,0.01,0.04,0.02,0.02,0.03,0.05,0.05,0.01,0.01,0.01,0.04,0.01,0.04,0.04,0.02,0.01,0.06,0.04,0.06,0.05,0.07,0.03,0.01,0.03,gs06
GCF_000368445.1,0.02,0.02,0.01,0.03,0.03,0.07,0.04,0.03,0.01,0.02,0.03,0.04,0.0,0.01,0.01,0.07,0.1,0.02,0.02,0.14,0.01,0.01,0.02,0.05,1.0,0.03,0.04,0.21,0.05,0.02,0.02,0.0,0.03,0.03,0.05,0.01,0.02,0.01,0.04,0.01,0.01,0.04,0.0,0.04,0.02,0.03,0.03,0.06,0.04,0.03,0.01,0.0,0.02,0.01,0.24,0.02,0.01,0.02,0.01,0.02,0.02,0.01,0.02,0.03,0.04,0.01,0.01,0.01,0.03,0.01,0.03,0.02,0.01,0.0,0.06,0.03,0.04,0.03,0.07,0.06,0.01,0.02,gs16
GCF_000369505.1,0.02,0.01,0.01,0.03,0.02,0.07,0.03,0.02,0.0,0.02,0.02,0.04,0.01,0.01,0.01,0.02,0.05,0.02,0.02,0.03,0.01,0.01,0.02,1.0,0.07,0.03,0.04,0.05,0.09,0.18,0.01,0.0,0.02,0.03,0.05,0.01,0.01,0.01,0.03,0.01,0.01,0.03,0.0,0.03,0.01,0.03,0.03,0.06,0.03,0.03,0.01,0.01,0.02,0.01,0.06,0.02,0.01,0.01,0.01,0.02,0.01,0.01,0.01,0.02,0.03,0.01,0.01,0.01,0.02,0.01,0.02,0.03,0.02,0.01,0.05,0.02,0.03,0.03,0.06,0.03,0.01,0.03,gs06
GCF_000369525.1,0.03,0.02,0.0,0.03,0.03,0.07,0.05,0.03,0.0,0.02,0.03,0.04,0.01,0.01,0.01,0.08,0.11,0.01,0.03,0.11,0.01,0.01,0.03,0.04,1.0,0.04,0.04,0.18,0.05,0.01,0.02,0.0,0.03,0.04,0.05,0.01,0.02,0.01,0.04,0.01,0.0,0.04,0.0,0.04,0.02,0.04,0.03,0.07,0.04,0.04,0.01,0.0,0.02,0.0,0.27,0.03,0.01,0.02,0.01,0.03,0.02,0.01,0.02,0.04,0.05,0.01,0.01,0.01,0.03,0.0,0.05,0.03,0.01,0.01,0.06,0.03,0.05,0.04,0.07,0.05,0.01,0.03,gs16
GCF_000764915.1,0.01,0.0,0.0,0.02,0.02,0.05,0.04,0.01,0.0,0.01,0.01,0.03,0.0,0.01,0.01,0.05,0.1,0.02,0.02,0.1,0.01,0.01,0.02,0.04,1.0,0.01,0.02,0.19,0.06,0.02,0.01,0.0,0.02,0.03,0.06,0.01,0.01,0.01,0.02,0.01,0.01,0.03,0.01,0.03,0.0,0.03,0.01,0.07,0.02,0.04,0.01,0.0,0.01,0.0,0.23,0.01,0.01,0.0,0.0,0.01,0.01,0.01,0.01,0.02,0.03,0.01,0.01,0.01,0.02,0.01,0.02,0.02,0.01,0.01,0.05,0.02,0.03,0.03,0.05,0.07,0.01,0.03,gs16
GCF_000368145.1,0.02,0.01,0.0,0.02,0.02,0.03,0.09,0.03,0.0,0.02,0.02,0.03,0.01,0.01,0.01,0.02,0.03,0.02,0.03,0.01,0.01,0.01,0.03,0.02,0.03,0.02,0.83,0.03,0.03,0.0,0.01,0.0,0.03,0.03,0.03,0.01,0.02,0.01,0.03,0.02,0.01,0.03,0.0,0.02,0.01,0.03,0.02,0.04,0.05,0.03,0.01,0.0,0.02,0.01,0.04,0.02,0.01,0.01,0.01,0.02,0.01,0.02,0.02,0.03,0.03,0.01,0.01,0.01,0.02,0.01,0.03,0.03,0.02,0.01,0.02,0.02,0.02,0.03,0.03,0.01,0.01,0.04,guillouiae
GCF_000368485.1,0.02,0.01,0.01,0.02,0.02,0.03,0.07,0.02,0.0,0.01,0.02,0.02,0.0,0.0,0.01,0.01,0.02,0.02,0.02,0.01,0.01,0.01,0.02,0.02,0.03,0.02,1.0,0.02,0.02,0.01,0.01,0.0,0.02,0.02,0.02,0.01,0.01,0.01,0.02,0.01,0.01,0.02,0.0,0.01,0.01,0.02,0.01,0.02,0.04,0.02,0.01,0.0,0.02,0.01,0.02,0.01,0.01,0.01,0.01,0.02,0.01,0.01,0.02,0.02,0.02,0.01,0.01,0.01,0.02,0.01,0.02,0.02,0.01,0.0,0.02,0.02,0.02,0.02,0.02,0.01,0.01,0.04,guillouiae
GCF_000414055.1,0.01,0.0,0.0,0.02,0.01,0.02,0.07,0.02,0.0,0.01,0.01,0.02,0.01,0.01,0.01,0.01,0.01,0.02,0.02,0.01,0.01,0.01,0.02,0.01,0.02,0.02,1.0,0.02,0.01,0.01,0.01,0.0,0.02,0.02,0.02,0.01,0.01,0.01,0.02,0.01,0.0,0.02,0.0,0.01,0.0,0.02,0.01,0.01,0.04,0.02,0.01,0.0,0.01,0.01,0.02,0.01,0.01,0.0,0.0,0.01,0.0,0.02,0.01,0.02,0.02,0.01,0.01,0.01,0.01,0.01,0.01,0.02,0.01,0.0,0.01,0.02,0.02,0.02,0.02,0.01,0.01,0.05,guillouiae
GCF_000829655.1,0.02,0.0,0.0,0.02,0.01,0.01,0.07,0.02,0.0,0.01,0.01,0.02,0.01,0.01,0.01,0.01,0.01,0.02,0.01,0.01,0.01,0.01,0.02,0.01,0.02,0.01,1.0,0.02,0.01,0.0,0.01,0.0,0.01,0.02,0.02,0.0,0.0,0.01,0.01,0.01,0.0,0.02,0.0,0.01,0.0,0.02,0.01,0.02,0.04,0.02,0.0,0.0,0.01,0.0,0.02,0.01,0.01,0.0,0.0,0.01,0.0,0.02,0.01,0.02,0.02,0.01,0.01,0.01,0.01,0.01,0.02,0.02,0.02,0.01,0.01,0.01,0.02,0.02,0.02,0.01,0.01,0.04,guillouiae
GCF_003611455.1,0.01,0.0,0.0,0.02,0.02,0.01,0.03,0.02,0.0,0.01,0.01,0.02,0.0,0.0,0.01,0.01,0.02,0.01,0.01,0.01,0.01,0.01,0.01,0.01,0.03,1.0,0.03,0.02,0.02,0.01,0.01,0.0,0.01,0.02,0.02,0.01,0.0,0.01,0.02,0.01,0.0,0.02,0.0,0.01,0.0,0.02,0.01,0.02,0.03,0.03,0.01,0.0,0.01,0.0,0.02,0.01,0.01,0.0,0.01,0.01,0.0,0.01,0.01,0.02,0.02,0.01,0.01,0.01,0.02,0.01,0.02,0.01,0.01,0.01,0.01,0.01,0.18,0.02,0.02,0.01,0.01,0.02,guerrae
GCF_009014115.1,0.01,0.0,0.01,0.02,0.03,0.01,0.03,0.01,0.0,0.01,0.01,0.02,0.0,0.01,0.01,0.01,0.02,0.01,0.01,0.01,0.0,0.01,0.02,0.01,0.03,1.0,0.02,0.02,0.02,0.01,0.0,0.0,0.02,0.02,0.02,0.01,0.0,0.01,0.02,0.01,0.0,0.02,0.0,0.01,0.0,0.02,0.01,0.02,0.02,0.03,0.01,0.0,0.01,0.01,0.02,0.01,0.01,0.01,0.01,0.01,0.0,0.01,0.01,0.02,0.02,0.01,0.01,0.01,0.02,0.01,0.02,0.01,0.01,0.0,0.01,0.02,0.15,0.02,0.02,0.01,0.01,0.02,guerrae
GCF_009372255.1,0.01,0.0,0.0,0.02,0.02,0.01,0.02,0.01,0.0,0.01,0.01,0.02,0.01,0.01,0.0,0.01,0.02,0.01,0.01,0.01,0.01,0.01,0.01,0.01,0.02,1.0,0.02,0.02,0.01,0.0,0.01,0.0,0.01,0.02,0.02,0.01,0.01,0.01,0.02,0.01,0.0,0.02,0.0,0.01,0.0,0.02,0.01,0.02,0.02,0.02,0.01,0.01,0.01,0.01,0.02,0.01,0.01,0.0,0.01,0.01,0.0,0.01,0.01,0.01,0.02,0.01,0.01,0.01,0.02,0.01,0.01,0.01,0.02,0.0,0.01,0.01,0.16,0.01,0.02,0.01,0.01,0.02,guerrae
GCF_000413855.1,0.01,0.0,0.0,0.03,0.01,0.05,0.03,0.01,0.0,0.01,0.01,0.02,0.0,0.01,0.0,0.1,0.08,0.01,0.01,0.09,0.0,0.01,0.01,0.02,0.2,0.01,0.03,0.93,0.04,0.02,0.0,0.0,0.01,0.02,0.04,0.01,0.01,0.01,0.02,0.01,0.0,0.02,0.0,0.03,0.0,0.02,0.02,0.05,0.02,0.03,0.0,0.0,0.01,0.01,0.26,0.01,0.0,0.0,0.0,0.01,0.0,0.01,0.01,0.02,0.03,0.01,0.01,0.01,0.01,0.0,0.01,0.01,0.01,0.0,0.04,0.01,0.02,0.01,0.05,0.05,0.01,0.02,gyllenbergii
GCF_000414075.1,0.01,0.0,0.0,0.02,0.01,0.05,0.03,0.01,0.0,0.01,0.01,0.02,0.0,0.0,0.01,0.09,0.08,0.01,0.01,0.07,0.0,0.01,0.01,0.03,0.2,0.01,0.03,1.0,0.04,0.02,0.0,0.0,0.01,0.01,0.04,0.01,0.0,0.0,0.02,0.01,0.01,0.02,0.0,0.03,0.0,0.02,0.01,0.04,0.02,0.03,0.01,0.0,0.01,0.01,0.22,0.01,0.0,0.0,0.01,0.01,0.0,0.0,0.01,0.01,0.02,0.01,0.01,0.01,0.01,0.01,0.01,0.01,0.01,0.0,0.04,0.01,0.02,0.01,0.05,0.07,0.01,0.02,gyllenbergii
GCF_000488195.1,0.03,0.03,0.0,0.03,0.04,0.07,0.06,0.04,0.0,0.04,0.04,0.05,0.01,0.01,0.01,0.14,0.1,0.02,0.04,0.11,0.01,0.01,0.04,0.05,0.21,0.04,0.05,1.0,0.07,0.02,0.03,0.0,0.05,0.05,0.07,0.01,0.03,0.01,0.05,0.01,0.01,0.05,0.01,0.05,0.03,0.06,0.05,0.08,0.04,0.05,0.01,0.01,0.04,0.0,0.27,0.04,0.01,0.03,0.01,0.04,0.03,0.01,0.03,0.05,0.06,0.01,0.01,0.01,0.04,0.0,0.04,0.04,0.01,0.01,0.07,0.04,0.05,0.05,0.07,0.04,0.01,0.02,gyllenbergii
GCF_000931695.1,0.01,0.0,0.0,0.02,0.01,0.05,0.03,0.01,0.0,0.01,0.01,0.02,0.0,0.0,0.01,0.08,0.07,0.01,0.01,0.07,0.0,0.01,0.01,0.03,0.19,0.01,0.03,1.0,0.04,0.02,0.0,0.0,0.01,0.01,0.04,0.01,0.01,0.01,0.02,0.01,0.0,0.02,0.0,0.04,0.0,0.02,0.01,0.06,0.02,0.03,0.01,0.0,0.01,0.0,0.24,0.01,0.0,0.0,0.0,0.01,0.0,0.0,0.01,0.01,0.02,0.01,0.01,0.01,0.01,0.0,0.01,0.01,0.01,0.0,0.04,0.01,0.02,0.01,0.05,0.05,0.01,0.02,gyllenbergii
GCF_000164055.1,0.1,0.1,0.0,0.03,0.11,0.15,0.12,0.1,0.0,0.1,0.1,0.12,0.0,0.0,0.01,0.11,0.14,0.02,0.11,0.01,0.01,0.01,0.11,0.15,0.15,0.12,0.12,0.13,0.68,0.02,0.1,0.0,0.11,0.12,0.16,0.01,0.1,0.01,0.11,0.01,0.0,0.12,0.0,0.11,0.1,0.12,0.1,0.14,0.11,0.03,0.0,0.0,0.1,0.0,0.14,0.1,0.01,0.1,0.0,0.1,0.1,0.01,0.1,0.11,0.12,0.01,0.01,0.01,0.11,0.0,0.11,0.11,0.01,0.0,0.12,0.11,0.12,0.11,0.14,0.03,0.01,0.02,haemolyticus
GCF_000301715.1,0.02,0.0,0.01,0.04,0.02,0.07,0.05,0.02,0.0,0.01,0.01,0.02,0.0,0.01,0.02,0.03,0.04,0.03,0.03,0.02,0.01,0.01,0.02,0.06,0.07,0.03,0.03,0.07,0.67,0.03,0.01,0.01,0.04,0.04,0.08,0.01,0.01,0.02,0.03,0.01,0.01,0.04,0.01,0.02,0.0,0.04,0.02,0.08,0.03,0.05,0.01,0.0,0.02,0.01,0.05,0.02,0.02,0.01,0.01,0.02,0.01,0.01,0.01,0.03,0.05,0.01,0.01,0.01,0.02,0.02,0.02,0.01,0.02,0.0,0.04,0.03,0.05,0.04,0.06,0.03,0.01,0.04,haemolyticus
GCF_000816495.1,0.05,0.02,0.01,0.02,0.03,0.03,0.05,0.05,0.01,0.03,0.03,0.03,0.01,0.01,0.01,0.02,0.03,0.02,0.03,0.01,0.01,0.01,0.03,0.03,0.03,0.03,0.05,0.03,0.03,0.0,1.0,0.01,0.04,0.05,0.03,0.01,0.03,0.01,0.03,0.02,0.01,0.06,0.0,0.02,0.02,0.03,0.03,0.04,0.04,0.02,0.01,0.0,0.03,0.01,0.03,0.04,0.01,0.02,0.01,0.03,0.02,0.01,0.02,0.05,0.03,0.01,0.01,0.01,0.03,0.01,0.04,0.06,0.04,0.01,0.03,0.04,0.04,0.05,0.03,0.01,0.02,0.03,harbinensis
GCF_001932555.1,0.02,0.0,0.01,0.03,0.02,0.07,0.04,0.02,0.0,0.01,0.02,0.03,0.01,0.01,0.01,0.04,0.05,0.03,0.03,0.04,0.01,0.01,0.02,0.06,0.06,0.03,0.04,0.08,0.59,0.03,0.01,0.0,0.05,0.03,0.09,0.01,0.01,0.01,0.03,0.02,0.01,0.04,0.01,0.03,0.01,0.04,0.02,0.07,0.05,0.05,0.01,0.01,0.01,0.01,0.07,0.02,0.02,0.0,0.01,0.02,0.01,0.03,0.01,0.03,0.04,0.02,0.01,0.01,0.02,0.01,0.03,0.02,0.02,0.01,0.04,0.04,0.05,0.03,0.09,0.04,0.01,0.04,haemolyticus
GCF_002813065.1,0.02,0.0,0.01,0.04,0.02,0.06,0.05,0.03,0.01,0.01,0.02,0.03,0.01,0.01,0.02,0.04,0.06,0.04,0.03,0.04,0.01,0.02,0.02,0.06,0.08,0.03,0.03,0.08,0.57,0.03,0.01,0.01,0.04,0.04,0.09,0.01,0.01,0.01,0.03,0.02,0.01,0.05,0.01,0.03,0.01,0.05,0.02,0.08,0.03,0.07,0.01,0.01,0.03,0.01,0.06,0.02,0.02,0.01,0.01,0.03,0.01,0.03,0.01,0.04,0.04,0.02,0.02,0.01,0.03,0.01,0.03,0.02,0.02,0.01,0.05,0.03,0.05,0.04,0.09,0.04,0.01,0.05,haemolyticus
GCF_004208515.1,0.01,0.0,0.0,0.02,0.01,0.05,0.02,0.01,0.0,0.01,0.01,0.03,0.0,0.01,0.01,0.02,0.04,0.01,0.01,0.03,0.0,0.01,0.01,0.27,0.05,0.02,0.02,0.05,0.07,1.0,0.0,0.0,0.01,0.01,0.04,0.01,0.0,0.01,0.03,0.01,0.0,0.02,0.0,0.03,0.0,0.02,0.02,0.04,0.02,0.03,0.01,0.0,0.01,0.01,0.04,0.01,0.0,0.0,0.01,0.01,0.01,0.01,0.01,0.01,0.03,0.01,0.01,0.01,0.01,0.0,0.01,0.01,0.01,0.0,0.04,0.01,0.02,0.01,0.05,0.04,0.01,0.02,halotolerans
GCA_905480265.1,0.02,0.0,0.0,0.02,0.01,0.01,0.03,0.02,0.0,0.01,0.01,0.02,0.01,0.01,0.01,0.01,0.02,0.03,0.01,0.01,0.01,0.02,0.01,0.01,0.02,0.01,0.02,0.02,0.02,0.01,0.01,1.0,0.04,0.03,0.02,0.01,0.01,0.01,0.01,0.02,0.0,0.6,0.0,0.01,0.0,0.02,0.01,0.02,0.02,0.02,0.0,0.0,0.02,0.01,0.02,0.15,0.01,0.0,0.01,0.02,0.0,0.01,0.01,0.07,0.02,0.01,0.01,0.01,0.01,0.01,0.02,0.03,0.03,0.01,0.01,0.02,0.02,0.08,0.01,0.01,0.02,0.03,idrijaensis
GCF_002938785.1,0.02,0.0,0.0,0.02,0.01,0.01,0.03,0.02,0.0,0.02,0.02,0.02,0.01,0.01,0.01,0.01,0.02,0.03,0.02,0.01,0.01,0.02,0.02,0.02,0.02,0.02,0.03,0.02,0.02,0.0,0.01,0.01,0.69,0.03,0.02,0.01,0.02,0.01,0.02,0.02,0.01,0.05,0.0,0.0,0.01,0.02,0.01,0.02,0.03,0.03,0.01,0.01,0.02,0.01,0.02,0.03,0.01,0.0,0.01,0.02,0.0,0.02,0.01,0.05,0.03,0.02,0.01,0.01,0.02,0.01,0.02,0.03,0.03,0.01,0.01,0.05,0.02,0.04,0.02,0.01,0.01,0.03,indicus
GCF_002938805.1,0.02,0.0,0.01,0.02,0.02,0.01,0.03,0.02,0.0,0.02,0.02,0.02,0.01,0.02,0.01,0.01,0.02,0.04,0.02,0.01,0.01,0.02,0.02,0.01,0.02,0.02,0.03,0.02,0.02,0.01,0.01,0.01,0.72,0.03,0.02,0.01,0.02,0.01,0.02,0.02,0.01,0.05,0.0,0.01,0.01,0.02,0.01,0.02,0.03,0.03,0.01,0.01,0.02,0.02,0.02,0.03,0.01,0.0,0.01,0.02,0.0,0.01,0.01,0.05,0.02,0.02,0.02,0.01,0.02,0.01,0.02,0.03,0.03,0.01,0.01,0.05,0.02,0.05,0.02,0.01,0.02,0.03,indicus
GCF_002938815.1,0.02,0.0,0.0,0.02,0.01,0.01,0.03,0.02,0.0,0.02,0.02,0.02,0.01,0.01,0.01,0.01,0.02,0.03,0.02,0.01,0.01,0.02,0.02,0.01,0.02,0.02,0.03,0.02,0.02,0.01,0.01,0.01,0.71,0.04,0.02,0.01,0.02,0.01,0.02,0.02,0.01,0.06,0.01,0.01,0.0,0.02,0.01,0.02,0.03,0.02,0.01,0.0,0.02,0.01,0.02,0.03,0.01,0.01,0.01,0.02,0.01,0.01,0.01,0.06,0.02,0.03,0.02,0.01,0.02,0.01,0.03,0.02,0.03,0.01,0.01,0.05,0.03,0.05,0.02,0.01,0.02,0.03,indicus
GCF_002938825.1,0.02,0.0,0.0,0.02,0.02,0.01,0.03,0.02,0.0,0.02,0.02,0.02,0.01,0.01,0.01,0.01,0.02,0.03,0.02,0.01,0.01,0.02,0.02,0.01,0.02,0.02,0.02,0.02,0.02,0.01,0.01,0.01,0.71,0.03,0.02,0.01,0.01,0.02,0.02,0.02,0.01,0.05,0.0,0.01,0.01,0.02,0.01,0.02,0.03,0.02,0.01,0.01,0.02,0.01,0.02,0.04,0.01,0.0,0.01,0.02,0.01,0.01,0.01,0.04,0.02,0.03,0.02,0.01,0.02,0.01,0.02,0.03,0.03,0.02,0.01,0.05,0.02,0.04,0.02,0.01,0.02,0.03,indicus
GCF_000162055.1,0.06,0.04,0.0,0.02,0.05,0.05,0.07,0.06,0.0,0.05,0.05,0.06,0.01,0.01,0.01,0.05,0.05,0.04,0.05,0.01,0.01,0.02,0.05,0.05,0.06,0.05,0.07,0.05,0.05,0.0,0.04,0.01,0.07,0.76,0.06,0.01,0.04,0.02,0.05,0.02,0.0,0.08,0.0,0.04,0.04,0.06,0.05,0.07,0.06,0.03,0.0,0.0,0.05,0.01,0.05,0.06,0.01,0.04,0.0,0.05,0.04,0.02,0.04,0.08,0.06,0.02,0.01,0.01,0.05,0.0,0.07,0.06,0.03,0.01,0.05,0.06,0.07,0.07,0.05,0.01,0.02,0.03,johnsonii
GCF_001484935.1,0.03,0.0,0.01,0.03,0.02,0.02,0.08,0.03,0.01,0.02,0.02,0.02,0.01,0.02,0.02,0.02,0.02,0.06,0.07,0.01,0.01,0.03,0.03,0.02,0.04,0.03,0.04,0.03,0.03,0.01,0.01,0.01,0.05,0.8,0.07,0.02,0.02,0.02,0.02,0.02,0.01,0.06,0.01,0.02,0.01,0.05,0.01,0.04,0.05,0.05,0.01,0.0,0.03,0.01,0.03,0.03,0.03,0.01,0.01,0.03,0.01,0.06,0.01,0.06,0.03,0.02,0.02,0.03,0.03,0.01,0.04,0.03,0.03,0.02,0.02,0.05,0.09,0.06,0.03,0.01,0.02,0.06,johnsonii
GCF_900162715.1,0.01,0.0,0.0,0.02,0.01,0.01,0.03,0.03,0.0,0.02,0.01,0.02,0.01,0.01,0.01,0.01,0.01,0.02,0.01,0.01,0.01,0.02,0.02,0.02,0.02,0.01,0.03,0.02,0.01,0.01,0.01,0.01,0.03,0.84,0.02,0.01,0.01,0.01,0.01,0.02,0.0,0.04,0.01,0.01,0.0,0.02,0.01,0.02,0.03,0.02,0.01,0.0,0.02,0.01,0.02,0.02,0.01,0.0,0.0,0.02,0.0,0.01,0.01,0.03,0.02,0.01,0.01,0.01,0.01,0.01,0.03,0.02,0.02,0.01,0.01,0.02,0.03,0.03,0.02,0.01,0.02,0.03,johnsonii
GCF_900199565.1,0.03,0.0,0.0,0.03,0.01,0.01,0.05,0.04,0.0,0.02,0.01,0.02,0.01,0.02,0.01,0.01,0.02,0.04,0.02,0.01,0.01,0.02,0.02,0.02,0.03,0.02,0.03,0.02,0.02,0.01,0.01,0.01,0.04,0.91,0.04,0.01,0.01,0.02,0.01,0.02,0.01,0.06,0.01,0.01,0.0,0.03,0.01,0.04,0.05,0.04,0.01,0.0,0.02,0.01,0.02,0.03,0.01,0.0,0.0,0.02,0.0,0.02,0.01,0.05,0.04,0.02,0.01,0.02,0.02,0.01,0.04,0.03,0.03,0.01,0.02,0.03,0.04,0.05,0.02,0.01,0.02,0.05,johnsonii
GCF_001941805.1,0.02,0.0,0.01,0.03,0.02,0.07,0.04,0.02,0.01,0.01,0.02,0.03,0.01,0.01,0.01,0.04,0.05,0.03,0.02,0.03,0.01,0.01,0.02,0.03,0.07,0.02,0.03,0.05,0.07,0.02,0.0,0.0,0.03,0.04,0.72,0.01,0.01,0.01,0.03,0.01,0.01,0.04,0.01,0.03,0.01,0.04,0.02,0.08,0.03,0.04,0.01,0.01,0.02,0.01,0.05,0.02,0.01,0.01,0.01,0.02,0.01,0.01,0.01,0.03,0.04,0.02,0.02,0.01,0.02,0.01,0.02,0.02,0.02,0.01,0.04,0.03,0.04,0.03,0.07,0.03,0.01,0.04,junii
GCF_002165245.1,0.01,0.0,0.0,0.03,0.02,0.08,0.04,0.02,0.0,0.01,0.01,0.03,0.0,0.01,0.01,0.03,0.05,0.03,0.02,0.02,0.01,0.01,0.02,0.03,0.06,0.02,0.03,0.05,0.07,0.02,0.01,0.01,0.02,0.03,0.73,0.0,0.01,0.01,0.03,0.01,0.0,0.03,0.0,0.03,0.0,0.04,0.02,0.1,0.02,0.04,0.01,0.0,0.02,0.0,0.05,0.02,0.01,0.0,0.0,0.02,0.01,0.01,0.01,0.04,0.04,0.01,0.01,0.01,0.02,0.01,0.02,0.02,0.01,0.01,0.05,0.03,0.04,0.04,0.06,0.04,0.01,0.04,junii
GCF_002761875.1,0.01,0.01,0.01,0.03,0.02,0.08,0.03,0.02,0.01,0.01,0.02,0.04,0.01,0.01,0.01,0.04,0.05,0.02,0.02,0.04,0.01,0.01,0.02,0.03,0.06,0.02,0.03,0.06,0.07,0.02,0.01,0.0,0.02,0.02,0.59,0.01,0.01,0.01,0.03,0.02,0.01,0.02,0.01,0.03,0.01,0.03,0.03,0.07,0.03,0.04,0.01,0.01,0.02,0.01,0.06,0.01,0.01,0.01,0.01,0.02,0.01,0.01,0.01,0.02,0.03,0.01,0.02,0.01,0.02,0.01,0.02,0.02,0.02,0.01,0.05,0.02,0.02,0.02,0.07,0.04,0.02,0.03,junii
GCF_009939195.1,0.01,0.0,0.0,0.02,0.01,0.01,0.03,0.01,0.0,0.01,0.02,0.02,0.01,0.01,0.01,0.01,0.02,0.02,0.01,0.01,0.01,0.01,0.01,0.01,0.02,0.01,0.03,0.02,0.01,0.01,0.01,0.01,0.02,0.03,0.02,1.0,0.01,0.01,0.02,0.02,0.0,0.03,0.0,0.01,0.0,0.02,0.01,0.02,0.02,0.02,0.0,0.0,0.01,0.01,0.02,0.01,0.01,0.0,0.01,0.01,0.0,0.01,0.01,0.02,0.02,0.01,0.01,0.01,0.01,0.01,0.11,0.02,0.02,0.01,0.01,0.02,0.02,0.02,0.02,0.01,0.01,0.02,kanungonis
GCF_900096895.1.fna,0.03,0.0,0.0,0.02,0.01,0.01,0.03,0.03,0.0,0.02,0.01,0.02,0.01,0.01,0.01,0.01,0.02,0.03,0.02,0.01,0.01,0.02,0.02,0.01,0.03,0.01,0.03,0.02,0.01,0.0,0.01,0.01,0.03,0.03,0.01,0.02,1.0,0.02,0.02,0.02,0.01,0.04,0.0,0.01,0.0,0.02,0.01,0.02,0.03,0.02,0.01,0.01,0.01,0.01,0.02,0.03,0.01,0.0,0.0,0.01,0.01,0.01,0.01,0.04,0.02,0.02,0.02,0.01,0.01,0.01,0.02,0.06,0.07,0.01,0.01,0.03,0.02,0.04,0.01,0.01,0.02,0.03,kookii
GCF_900107285.1.fna,0.04,0.0,0.0,0.02,0.01,0.01,0.04,0.26,0.0,0.02,0.01,0.02,0.02,0.02,0.01,0.01,0.02,0.03,0.01,0.01,0.01,0.02,0.02,0.01,0.03,0.02,0.03,0.02,0.02,0.01,0.01,0.01,0.03,0.04,0.02,0.01,0.02,1.0,0.02,0.02,0.01,0.04,0.0,0.01,0.0,0.02,0.01,0.03,0.03,0.03,0.01,0.01,0.02,0.01,0.02,0.02,0.01,0.0,0.0,0.02,0.0,0.01,0.01,0.03,0.02,0.01,0.02,0.01,0.01,0.01,0.03,0.06,0.06,0.01,0.01,0.02,0.02,0.03,0.02,0.01,0.02,0.04,kyonggiensis
GCF_000399705.1,0.01,0.01,0.01,0.17,0.03,0.03,0.02,0.01,0.01,0.01,0.02,0.22,0.01,0.01,0.01,0.01,0.03,0.02,0.01,0.01,0.01,0.01,0.02,0.02,0.03,0.02,0.03,0.03,0.02,0.01,0.01,0.0,0.01,0.02,0.03,0.01,0.01,0.01,0.48,0.01,0.01,0.02,0.0,0.01,0.01,0.14,0.12,0.02,0.02,0.35,0.01,0.0,0.01,0.01,0.03,0.01,0.01,0.01,0.01,0.02,0.0,0.01,0.01,0.02,0.14,0.01,0.01,0.01,0.02,0.01,0.02,0.02,0.01,0.01,0.02,0.02,0.02,0.02,0.02,0.02,0.01,0.02,lactucae
GCF_001595745.1,0.01,0.01,0.01,0.15,0.02,0.02,0.03,0.01,0.0,0.01,0.01,0.21,0.01,0.0,0.02,0.01,0.03,0.03,0.01,0.01,0.01,0.01,0.01,0.02,0.03,0.01,0.02,0.02,0.02,0.01,0.01,0.0,0.01,0.01,0.02,0.01,0.01,0.01,1.0,0.01,0.01,0.02,0.0,0.01,0.01,0.13,0.16,0.02,0.02,0.36,0.01,0.0,0.01,0.01,0.02,0.01,0.01,0.0,0.01,0.02,0.0,0.01,0.01,0.02,0.15,0.01,0.01,0.01,0.02,0.01,0.02,0.02,0.01,0.01,0.02,0.02,0.02,0.02,0.02,0.02,0.01,0.03,lactucae
GCF_001704115.1,0.01,0.0,0.01,0.02,0.01,0.01,0.02,0.01,0.0,0.01,0.01,0.02,0.01,0.01,0.01,0.01,0.01,0.01,0.01,0.01,0.01,0.01,0.01,0.01,0.02,0.01,0.02,0.02,0.01,0.01,0.0,0.0,0.01,0.01,0.01,0.0,0.01,0.01,0.02,0.01,1.0,0.02,0.01,0.01,0.01,0.01,0.01,0.01,0.02,0.02,0.01,0.01,0.01,0.0,0.02,0.01,0.01,0.0,0.01,0.01,0.01,0.01,0.01,0.01,0.02,0.01,0.01,0.01,0.01,0.01,0.01,0.01,0.01,0.01,0.01,0.01,0.02,0.01,0.01,0.01,0.01,0.02,larvae
GCF_011191955.1,0.02,0.0,0.0,0.02,0.01,0.01,0.03,0.02,0.0,0.02,0.01,0.02,0.01,0.01,0.01,0.01,0.02,0.02,0.02,0.01,0.01,0.02,0.02,0.01,0.02,0.01,0.03,0.02,0.01,0.0,0.01,0.01,0.02,0.03,0.02,0.01,0.01,0.01,0.02,1.0,0.0,0.03,0.0,0.01,0.01,0.02,0.01,0.02,0.03,0.02,0.01,0.0,0.02,0.01,0.02,0.02,0.01,0.0,0.01,0.01,0.0,0.01,0.01,0.02,0.02,0.01,0.03,0.01,0.01,0.01,0.02,0.03,0.03,0.01,0.01,0.02,0.01,0.02,0.02,0.01,0.03,0.03,lanii
GCF_011578285.1,0.02,0.0,0.01,0.02,0.02,0.02,0.04,0.03,0.0,0.02,0.02,0.02,0.01,0.02,0.01,0.02,0.02,0.03,0.03,0.02,0.01,0.02,0.02,0.02,0.03,0.02,0.03,0.02,0.02,0.01,0.01,0.01,0.03,0.03,0.02,0.01,0.01,0.01,0.02,1.0,0.01,0.04,0.01,0.01,0.01,0.02,0.02,0.02,0.04,0.03,0.01,0.01,0.03,0.01,0.02,0.03,0.02,0.0,0.01,0.02,0.01,0.02,0.02,0.03,0.03,0.01,0.03,0.02,0.02,0.01,0.03,0.03,0.03,0.01,0.02,0.03,0.02,0.03,0.02,0.01,0.03,0.04,lanii
GCF_016502365.1,0.01,0.0,0.0,0.15,0.01,0.02,0.02,0.01,0.0,0.01,0.01,0.2,0.0,0.01,0.01,0.01,0.03,0.01,0.01,0.01,0.01,0.01,0.01,0.01,0.03,0.01,0.02,0.02,0.02,0.01,0.0,0.0,0.01,0.01,0.02,0.01,0.0,0.01,0.71,0.01,0.0,0.02,0.0,0.01,0.0,0.14,0.16,0.02,0.02,0.35,0.01,0.0,0.01,0.01,0.02,0.01,0.01,0.0,0.0,0.01,0.01,0.01,0.01,0.01,0.15,0.01,0.01,0.01,0.01,0.01,0.02,0.01,0.01,0.0,0.02,0.01,0.01,0.02,0.02,0.02,0.01,0.02,lactucae
GCF_903971085.1,0.01,0.0,0.0,0.16,0.02,0.02,0.03,0.01,0.0,0.01,0.01,0.21,0.01,0.01,0.01,0.01,0.02,0.01,0.01,0.01,0.01,0.01,0.01,0.01,0.03,0.01,0.02,0.02,0.02,0.01,0.0,0.0,0.01,0.02,0.02,0.01,0.01,0.01,0.66,0.01,0.0,0.02,0.0,0.01,0.01,0.14,0.19,0.02,0.02,0.38,0.01,0.0,0.01,0.0,0.02,0.01,0.01,0.0,0.0,0.01,0.0,0.01,0.01,0.01,0.15,0.01,0.01,0.01,0.01,0.0,0.02,0.01,0.01,0.01,0.02,0.01,0.02,0.02,0.02,0.02,0.01,0.02,lactucae
GCF_000487975.1,0.02,0.01,0.01,0.03,0.02,0.02,0.04,0.03,0.0,0.02,0.02,0.02,0.01,0.02,0.01,0.01,0.02,0.04,0.02,0.01,0.01,0.03,0.02,0.02,0.03,0.02,0.03,0.02,0.02,0.01,0.01,0.18,0.06,0.05,0.03,0.01,0.02,0.02,0.02,0.02,0.01,0.77,0.01,0.01,0.01,0.02,0.01,0.03,0.04,0.03,0.01,0.01,0.03,0.01,0.02,0.15,0.01,0.01,0.01,0.04,0.01,0.01,0.01,0.09,0.03,0.02,0.02,0.01,0.02,0.01,0.03,0.04,0.04,0.01,0.01,0.04,0.04,0.11,0.02,0.01,0.03,0.03,lwoffii
GCF_000836095.1,0.02,0.0,0.0,0.02,0.01,0.01,0.03,0.02,0.0,0.02,0.01,0.02,0.01,0.02,0.01,0.01,0.02,0.03,0.01,0.01,0.01,0.02,0.01,0.01,0.02,0.01,0.03,0.02,0.01,0.01,0.01,0.18,0.05,0.04,0.02,0.01,0.01,0.01,0.01,0.02,0.0,0.71,0.01,0.01,0.0,0.02,0.01,0.02,0.03,0.02,0.0,0.0,0.02,0.01,0.02,0.16,0.01,0.0,0.0,0.03,0.0,0.01,0.01,0.08,0.02,0.01,0.02,0.01,0.01,0.01,0.02,0.03,0.04,0.01,0.01,0.03,0.02,0.1,0.01,0.01,0.03,0.02,lwoffii
GCF_002119785.1,0.03,0.01,0.0,0.03,0.02,0.02,0.05,0.04,0.01,0.03,0.02,0.03,0.01,0.02,0.02,0.02,0.03,0.05,0.03,0.01,0.01,0.02,0.02,0.03,0.03,0.02,0.04,0.03,0.03,0.01,0.02,0.2,0.06,0.06,0.04,0.01,0.02,0.02,0.02,0.02,0.01,0.55,0.0,0.01,0.01,0.03,0.02,0.04,0.04,0.03,0.01,0.0,0.03,0.02,0.03,0.13,0.02,0.01,0.01,0.03,0.01,0.02,0.02,0.09,0.03,0.02,0.02,0.01,0.03,0.01,0.04,0.04,0.04,0.01,0.02,0.05,0.04,0.12,0.03,0.01,0.02,0.04,lwoffii
GCF_900096915.1.fna,0.01,0.0,0.0,0.02,0.01,0.01,0.02,0.01,0.0,0.01,0.01,0.02,0.0,0.0,0.0,0.01,0.01,0.01,0.01,0.01,0.0,0.0,0.01,0.01,0.02,0.01,0.02,0.01,0.01,0.01,0.0,0.0,0.02,0.02,0.01,0.0,0.0,0.01,0.01,0.01,0.0,0.02,1.0,0.01,0.0,0.01,0.01,0.01,0.02,0.02,0.01,0.0,0.01,0.0,0.01,0.01,0.0,0.01,0.01,0.01,0.01,0.0,0.01,0.01,0.01,0.0,0.01,0.01,0.01,0.0,0.01,0.01,0.01,0.0,0.01,0.01,0.02,0.02,0.01,0.01,0.01,0.02,marinus
GCF_014636095.1,0.02,0.0,0.0,0.03,0.02,0.07,0.03,0.01,0.0,0.01,0.01,0.03,0.01,0.01,0.0,0.04,0.05,0.01,0.01,0.02,0.0,0.01,0.01,0.04,0.08,0.02,0.03,0.08,0.04,0.03,0.01,0.0,0.02,0.02,0.07,0.01,0.01,0.01,0.03,0.01,0.0,0.02,0.0,1.0,0.01,0.03,0.02,0.35,0.02,0.03,0.01,0.0,0.01,0.0,0.08,0.01,0.01,0.0,0.01,0.02,0.01,0.01,0.01,0.02,0.03,0.0,0.01,0.01,0.02,0.01,0.02,0.02,0.02,0.0,0.11,0.01,0.02,0.03,0.06,0.04,0.01,0.02,modestus
GCF_000488215.1,0.01,0.01,0.02,0.02,0.01,0.01,0.02,0.01,0.01,0.01,0.02,0.02,0.01,0.01,0.01,0.01,0.01,0.01,0.01,0.01,0.01,0.01,0.01,0.01,0.02,0.01,0.02,0.02,0.01,0.01,0.01,0.0,0.01,0.01,0.02,0.0,0.0,0.01,0.02,0.01,0.01,0.02,0.01,0.01,1.0,0.02,0.01,0.02,0.02,0.02,0.07,0.01,0.01,0.0,0.02,0.01,0.01,0.0,0.01,0.01,0.01,0.01,0.01,0.01,0.02,0.01,0.01,0.01,0.02,0.01,0.01,0.01,0.01,0.01,0.01,0.01,0.01,0.01,0.02,0.01,0.01,0.02,nectaris
GCF_000836055.1,0.01,0.0,0.0,0.28,0.01,0.02,0.02,0.01,0.0,0.01,0.01,0.11,0.01,0.01,0.01,0.01,0.02,0.01,0.01,0.01,0.01,0.01,0.01,0.01,0.03,0.02,0.02,0.02,0.02,0.01,0.0,0.0,0.01,0.02,0.02,0.01,0.01,0.0,0.15,0.01,0.01,0.02,0.0,0.01,0.0,0.69,0.11,0.02,0.02,0.17,0.01,0.0,0.01,0.01,0.02,0.01,0.0,0.0,0.0,0.01,0.01,0.01,0.01,0.01,0.27,0.01,0.01,0.01,0.01,0.01,0.01,0.01,0.01,0.01,0.01,0.01,0.02,0.02,0.02,0.02,0.01,0.02,nosocomialis
GCF_001863655.1,0.01,0.0,0.0,0.25,0.01,0.02,0.03,0.01,0.0,0.01,0.01,0.13,0.0,0.01,0.01,0.01,0.02,0.02,0.01,0.01,0.01,0.01,0.01,0.01,0.03,0.01,0.02,0.03,0.02,0.01,0.0,0.0,0.01,0.02,0.03,0.0,0.01,0.01,0.12,0.01,0.0,0.02,0.0,0.0,0.0,0.84,0.1,0.02,0.02,0.18,0.0,0.0,0.01,0.01,0.02,0.01,0.01,0.0,0.01,0.01,0.0,0.01,0.01,0.02,0.27,0.01,0.01,0.01,0.02,0.01,0.02,0.01,0.01,0.01,0.02,0.02,0.02,0.01,0.02,0.02,0.01,0.02,nosocomialis
GCF_001864245.1,0.01,0.0,0.0,0.26,0.01,0.02,0.03,0.01,0.0,0.01,0.01,0.13,0.0,0.01,0.01,0.01,0.02,0.02,0.01,0.01,0.01,0.01,0.01,0.01,0.03,0.01,0.02,0.02,0.02,0.01,0.0,0.0,0.01,0.01,0.03,0.01,0.0,0.01,0.12,0.01,0.0,0.02,0.0,0.01,0.0,0.75,0.08,0.03,0.02,0.17,0.01,0.0,0.01,0.01,0.02,0.01,0.01,0.0,0.0,0.01,0.0,0.01,0.01,0.02,0.25,0.01,0.01,0.01,0.01,0.01,0.02,0.01,0.01,0.0,0.01,0.01,0.02,0.01,0.02,0.02,0.01,0.02,nosocomialis
GCF_001867335.1,0.01,0.0,0.01,0.28,0.03,0.02,0.04,0.02,0.0,0.01,0.02,0.12,0.01,0.01,0.01,0.02,0.03,0.02,0.02,0.02,0.01,0.02,0.02,0.02,0.04,0.02,0.03,0.04,0.04,0.01,0.0,0.0,0.03,0.03,0.04,0.01,0.01,0.01,0.14,0.01,0.01,0.03,0.01,0.01,0.01,0.67,0.1,0.03,0.03,0.2,0.01,0.01,0.02,0.01,0.03,0.02,0.01,0.01,0.01,0.02,0.01,0.01,0.01,0.03,0.29,0.01,0.01,0.01,0.03,0.01,0.02,0.02,0.02,0.01,0.02,0.03,0.03,0.03,0.03,0.02,0.01,0.03,nosocomialis
GCF_002135235.1,0.02,0.0,0.0,0.02,0.01,0.01,0.04,0.03,0.0,0.02,0.01,0.02,0.03,0.01,0.01,0.01,0.02,0.02,0.02,0.01,0.01,0.01,0.02,0.01,0.02,0.01,0.03,0.02,0.02,0.0,0.01,0.01,0.01,0.02,0.02,0.01,0.01,0.02,0.02,0.02,0.0,0.02,0.0,0.01,0.01,0.02,0.01,0.02,0.03,0.02,0.01,0.01,0.02,0.0,0.02,0.02,0.01,0.0,0.01,0.01,0.0,0.02,0.01,0.02,0.02,0.01,0.02,0.01,0.01,0.01,0.02,0.03,0.03,0.01,0.01,0.02,0.02,0.02,0.02,0.01,0.01,0.03,sp.
GCF_002135295.1,0.01,0.0,0.0,0.02,0.01,0.01,0.03,0.02,0.0,0.03,0.01,0.02,0.02,0.02,0.01,0.01,0.02,0.04,0.02,0.01,0.02,0.06,0.02,0.01,0.02,0.01,0.03,0.02,0.02,0.0,0.01,0.01,0.02,0.03,0.02,0.01,0.02,0.02,0.02,0.02,0.01,0.04,0.0,0.01,0.01,0.02,0.01,0.02,0.03,0.02,0.01,0.01,0.02,0.01,0.02,0.02,0.01,0.0,0.01,0.01,0.0,0.02,0.01,0.03,0.02,0.01,0.02,0.01,0.01,0.01,0.02,0.04,0.04,0.02,0.01,0.02,0.01,0.03,0.01,0.01,0.02,0.03,sp.
GCF_002135345.1,0.02,0.0,0.0,0.02,0.01,0.01,0.03,0.02,0.0,0.01,0.01,0.02,0.02,0.01,0.01,0.01,0.02,0.02,0.01,0.01,0.01,0.01,0.01,0.01,0.02,0.01,0.03,0.02,0.01,0.0,0.01,0.0,0.01,0.02,0.02,0.01,0.01,0.02,0.02,0.02,0.0,0.02,0.0,0.01,0.01,0.02,0.01,0.02,0.03,0.02,0.01,0.01,0.01,0.0,0.02,0.01,0.01,0.0,0.01,0.01,0.01,0.02,0.01,0.02,0.02,0.01,0.02,0.01,0.01,0.01,0.02,0.03,0.03,0.01,0.01,0.01,0.02,0.01,0.01,0.01,0.01,0.03,sp.
GCF_002135435.1,0.01,0.0,0.0,0.02,0.01,0.01,0.02,0.01,0.0,0.06,0.01,0.02,0.02,0.01,0.01,0.01,0.01,0.04,0.01,0.01,0.01,0.02,0.01,0.01,0.02,0.01,0.02,0.01,0.01,0.0,0.01,0.01,0.02,0.02,0.01,0.01,0.02,0.01,0.02,0.02,0.0,0.03,0.0,0.01,0.0,0.02,0.01,0.01,0.02,0.02,0.01,0.01,0.01,0.01,0.02,0.02,0.01,0.0,0.0,0.01,0.0,0.01,0.01,0.02,0.02,0.01,0.01,0.01,0.01,0.01,0.02,0.02,0.03,0.02,0.01,0.02,0.01,0.02,0.01,0.01,0.01,0.02,sp.
GCF_000196795.1,0.01,0.0,0.01,0.15,0.02,0.02,0.03,0.01,0.0,0.01,0.02,0.27,0.01,0.01,0.01,0.01,0.03,0.02,0.01,0.02,0.01,0.01,0.02,0.02,0.03,0.02,0.03,0.03,0.02,0.01,0.0,0.0,0.01,0.01,0.02,0.01,0.01,0.01,0.28,0.01,0.01,0.02,0.0,0.01,0.01,0.16,1.0,0.02,0.02,0.26,0.01,0.0,0.01,0.01,0.03,0.01,0.01,0.01,0.01,0.01,0.01,0.01,0.01,0.02,0.2,0.01,0.01,0.01,0.02,0.01,0.02,0.02,0.02,0.01,0.02,0.02,0.02,0.02,0.02,0.02,0.01,0.02,oleivorans
GCF_000488235.1,0.01,0.01,0.01,0.14,0.02,0.02,0.03,0.01,0.0,0.01,0.02,0.27,0.01,0.01,0.01,0.02,0.03,0.01,0.01,0.02,0.01,0.01,0.02,0.02,0.03,0.02,0.03,0.03,0.02,0.01,0.01,0.0,0.02,0.02,0.02,0.01,0.01,0.01,0.27,0.01,0.01,0.02,0.0,0.01,0.01,0.15,1.0,0.02,0.02,0.26,0.01,0.0,0.01,0.01,0.03,0.01,0.01,0.01,0.01,0.02,0.01,0.01,0.01,0.02,0.21,0.01,0.01,0.01,0.02,0.01,0.02,0.02,0.02,0.01,0.02,0.02,0.02,0.02,0.03,0.01,0.01,0.02,oleivorans
GCF_000836035.1,0.01,0.0,0.0,0.15,0.02,0.02,0.02,0.01,0.0,0.01,0.01,0.26,0.01,0.01,0.0,0.01,0.02,0.01,0.01,0.01,0.01,0.01,0.01,0.01,0.03,0.01,0.02,0.02,0.02,0.0,0.0,0.0,0.01,0.01,0.02,0.0,0.0,0.01,0.22,0.01,0.0,0.01,0.0,0.01,0.01,0.14,1.0,0.02,0.02,0.25,0.01,0.0,0.01,0.0,0.02,0.01,0.01,0.0,0.0,0.01,0.0,0.01,0.01,0.01,0.18,0.01,0.01,0.01,0.01,0.0,0.02,0.02,0.02,0.01,0.01,0.01,0.02,0.01,0.02,0.01,0.01,0.02,oleivorans
GCF_000368005.1,0.03,0.02,0.0,0.03,0.03,0.06,0.05,0.03,0.0,0.03,0.03,0.04,0.01,0.01,0.01,0.04,0.06,0.03,0.03,0.02,0.01,0.01,0.03,0.06,0.08,0.03,0.04,0.07,0.08,0.02,0.03,0.01,0.05,0.06,0.12,0.01,0.02,0.01,0.04,0.01,0.0,0.06,0.01,0.06,0.02,0.05,0.03,1.0,0.05,0.04,0.01,0.01,0.04,0.01,0.07,0.04,0.01,0.02,0.01,0.04,0.02,0.01,0.02,0.05,0.05,0.01,0.01,0.01,0.03,0.01,0.04,0.04,0.02,0.01,0.06,0.05,0.05,0.06,0.08,0.03,0.01,0.03,parvus
GCF_000368025.1,0.03,0.02,0.01,0.04,0.04,0.07,0.06,0.04,0.0,0.03,0.03,0.05,0.02,0.01,0.02,0.06,0.07,0.04,0.04,0.04,0.01,0.02,0.04,0.06,0.1,0.04,0.05,0.08,0.09,0.02,0.02,0.01,0.06,0.07,0.14,0.01,0.02,0.02,0.05,0.02,0.01,0.06,0.01,0.06,0.03,0.05,0.04,1.0,0.06,0.05,0.01,0.02,0.04,0.0,0.09,0.05,0.02,0.02,0.01,0.05,0.02,0.02,0.03,0.06,0.06,0.02,0.02,0.02,0.04,0.01,0.04,0.04,0.03,0.02,0.07,0.06,0.06,0.06,0.08,0.04,0.02,0.04,parvus
GCF_000962795.1,0.02,0.01,0.0,0.02,0.02,0.08,0.03,0.01,0.0,0.01,0.02,0.03,0.01,0.0,0.01,0.02,0.06,0.01,0.01,0.02,0.01,0.01,0.02,0.04,0.08,0.02,0.03,0.08,0.05,0.01,0.01,0.0,0.02,0.02,0.07,0.01,0.01,0.01,0.03,0.01,0.0,0.02,0.0,0.29,0.01,0.02,0.02,1.0,0.02,0.03,0.01,0.0,0.01,0.01,0.08,0.01,0.0,0.01,0.01,0.02,0.01,0.01,0.01,0.02,0.03,0.01,0.01,0.01,0.02,0.01,0.02,0.02,0.01,0.0,0.11,0.02,0.03,0.02,0.06,0.04,0.01,0.02,parvus
GCF_001485085.1,0.02,0.0,0.01,0.03,0.02,0.05,0.03,0.01,0.0,0.01,0.01,0.02,0.0,0.01,0.01,0.02,0.05,0.03,0.02,0.02,0.0,0.01,0.01,0.04,0.06,0.01,0.04,0.06,0.06,0.02,0.01,0.01,0.03,0.05,0.08,0.01,0.01,0.01,0.02,0.01,0.01,0.04,0.0,0.06,0.0,0.02,0.01,0.77,0.03,0.03,0.01,0.0,0.01,0.01,0.05,0.01,0.01,0.0,0.01,0.02,0.0,0.01,0.01,0.03,0.03,0.01,0.01,0.01,0.02,0.01,0.02,0.02,0.02,0.0,0.05,0.02,0.04,0.04,0.05,0.03,0.01,0.03,parvus
GCF_001706585.1,0.01,0.0,0.0,0.17,0.01,0.02,0.03,0.01,0.0,0.01,0.01,0.19,0.0,0.01,0.0,0.01,0.03,0.01,0.01,0.01,0.01,0.01,0.01,0.01,0.03,0.01,0.03,0.02,0.02,0.01,0.0,0.0,0.02,0.02,0.02,0.01,0.01,0.01,0.35,0.01,0.0,0.02,0.0,0.01,0.0,0.15,0.18,0.02,0.02,0.72,0.01,0.0,0.01,0.0,0.02,0.01,0.01,0.0,0.0,0.01,0.0,0.01,0.01,0.02,0.18,0.01,0.01,0.01,0.02,0.01,0.02,0.01,0.01,0.01,0.02,0.01,0.02,0.02,0.02,0.01,0.01,0.02,pittii
GCF_001706635.1,0.01,0.0,0.0,0.18,0.02,0.02,0.03,0.01,0.0,0.01,0.01,0.19,0.01,0.01,0.01,0.01,0.02,0.02,0.01,0.01,0.01,0.01,0.02,0.01,0.03,0.02,0.02,0.03,0.03,0.01,0.0,0.0,0.02,0.02,0.03,0.01,0.01,0.01,0.33,0.01,0.0,0.03,0.0,0.01,0.0,0.16,0.18,0.02,0.02,0.71,0.01,0.0,0.01,0.0,0.03,0.01,0.01,0.0,0.0,0.02,0.0,0.01,0.01,0.02,0.17,0.01,0.01,0.01,0.02,0.01,0.02,0.01,0.01,0.0,0.01,0.02,0.02,0.03,0.02,0.02,0.01,0.02,pittii
GCF_001706645.1,0.01,0.0,0.0,0.17,0.01,0.02,0.03,0.01,0.0,0.01,0.01,0.18,0.01,0.01,0.0,0.01,0.02,0.02,0.01,0.01,0.01,0.01,0.01,0.01,0.03,0.01,0.02,0.03,0.02,0.01,0.0,0.0,0.02,0.02,0.02,0.01,0.01,0.01,0.3,0.01,0.0,0.02,0.0,0.01,0.0,0.15,0.15,0.02,0.02,0.75,0.01,0.0,0.01,0.0,0.02,0.01,0.01,0.0,0.01,0.01,0.0,0.01,0.01,0.02,0.16,0.0,0.01,0.01,0.02,0.01,0.02,0.01,0.01,0.0,0.01,0.01,0.02,0.02,0.02,0.02,0.01,0.02,pittii
GCF_001706665.1,0.01,0.0,0.0,0.17,0.02,0.02,0.02,0.01,0.0,0.01,0.01,0.2,0.0,0.01,0.01,0.01,0.02,0.01,0.01,0.01,0.01,0.01,0.01,0.01,0.02,0.02,0.02,0.02,0.02,0.01,0.01,0.0,0.01,0.02,0.03,0.01,0.01,0.01,0.35,0.01,0.0,0.02,0.0,0.01,0.0,0.18,0.17,0.02,0.02,0.74,0.01,0.0,0.01,0.0,0.03,0.01,0.01,0.0,0.0,0.02,0.0,0.01,0.01,0.02,0.18,0.01,0.01,0.01,0.02,0.01,0.02,0.01,0.01,0.0,0.02,0.01,0.02,0.02,0.02,0.02,0.01,0.02,pittii
GCF_002233755.1,0.02,0.0,0.01,0.02,0.01,0.01,0.04,0.02,0.0,0.01,0.01,0.02,0.01,0.01,0.01,0.01,0.02,0.02,0.02,0.01,0.01,0.01,0.02,0.01,0.03,0.02,0.06,0.02,0.02,0.01,0.01,0.0,0.02,0.03,0.02,0.01,0.01,0.01,0.02,0.02,0.01,0.02,0.0,0.01,0.0,0.02,0.01,0.02,1.0,0.03,0.01,0.0,0.01,0.01,0.02,0.01,0.01,0.0,0.01,0.01,0.01,0.06,0.01,0.02,0.03,0.01,0.02,0.02,0.01,0.01,0.02,0.02,0.02,0.01,0.02,0.02,0.02,0.02,0.02,0.01,0.01,0.05,piscicola
GCF_004152775.1,0.02,0.0,0.0,0.02,0.02,0.01,0.03,0.02,0.0,0.01,0.01,0.02,0.01,0.01,0.02,0.01,0.02,0.03,0.06,0.01,0.01,0.01,0.02,0.01,0.02,0.01,0.04,0.02,0.01,0.01,0.01,0.01,0.02,0.03,0.02,0.01,0.01,0.01,0.02,0.02,0.01,0.03,0.0,0.01,0.0,0.02,0.01,0.02,1.0,0.02,0.01,0.0,0.02,0.01,0.02,0.01,0.01,0.01,0.01,0.01,0.0,0.01,0.01,0.02,0.02,0.01,0.02,0.06,0.02,0.01,0.02,0.02,0.02,0.01,0.01,0.02,0.02,0.03,0.02,0.01,0.02,0.05,piscicola
GCF_015218165.1,0.02,0.01,0.01,0.03,0.02,0.01,0.06,0.03,0.0,0.02,0.02,0.02,0.01,0.02,0.02,0.01,0.02,0.05,0.07,0.01,0.01,0.02,0.03,0.02,0.03,0.02,0.05,0.02,0.03,0.01,0.01,0.01,0.04,0.04,0.03,0.01,0.01,0.02,0.02,0.02,0.01,0.05,0.01,0.01,0.01,0.03,0.01,0.03,1.0,0.04,0.01,0.01,0.03,0.01,0.02,0.03,0.02,0.01,0.01,0.03,0.01,0.02,0.01,0.04,0.03,0.02,0.02,0.06,0.02,0.01,0.03,0.02,0.03,0.01,0.02,0.04,0.04,0.05,0.04,0.01,0.02,0.07,piscicola
GCF_002174125.1,0.0,0.0,0.0,0.01,0.01,0.01,0.02,0.01,0.0,0.0,0.01,0.01,0.0,0.0,0.0,0.0,0.01,0.01,0.01,0.0,0.0,0.0,0.01,0.01,0.01,0.01,0.02,0.01,0.01,0.0,0.0,0.0,0.01,0.01,0.01,0.0,0.0,0.0,0.01,0.0,0.0,0.01,0.0,0.0,0.0,0.01,0.01,0.01,0.01,0.01,0.0,1.0,0.0,0.0,0.01,0.01,0.0,0.05,0.01,0.01,0.0,0.0,0.0,0.01,0.01,0.0,0.0,0.0,0.01,0.0,0.01,0.01,0.01,0.0,0.01,0.01,0.01,0.01,0.01,0.01,0.01,0.01,populi
GCF_009372215.1,0.02,0.0,0.01,0.02,0.01,0.02,0.04,0.03,0.0,0.02,0.02,0.02,0.02,0.02,0.01,0.01,0.02,0.05,0.02,0.01,0.02,0.02,0.03,0.02,0.03,0.02,0.04,0.02,0.02,0.01,0.01,0.01,0.03,0.04,0.03,0.01,0.01,0.02,0.02,0.02,0.01,0.05,0.01,0.01,0.01,0.02,0.01,0.03,0.04,0.03,0.01,0.01,1.0,0.01,0.02,0.03,0.01,0.0,0.01,0.02,0.01,0.01,0.01,0.04,0.03,0.01,0.02,0.01,0.01,0.01,0.03,0.03,0.03,0.01,0.02,0.03,0.03,0.04,0.03,0.01,0.03,0.04,portensis
GCF_010646905.1,0.02,0.0,0.01,0.03,0.01,0.02,0.03,0.03,0.0,0.02,0.02,0.03,0.01,0.02,0.02,0.01,0.02,0.04,0.02,0.01,0.02,0.02,0.03,0.02,0.03,0.02,0.04,0.02,0.03,0.01,0.02,0.01,0.02,0.04,0.03,0.01,0.01,0.02,0.02,0.03,0.01,0.05,0.0,0.01,0.01,0.03,0.02,0.03,0.04,0.03,0.01,0.01,1.0,0.01,0.02,0.03,0.02,0.01,0.01,0.02,0.01,0.02,0.01,0.03,0.03,0.02,0.03,0.02,0.01,0.01,0.03,0.03,0.03,0.01,0.02,0.03,0.03,0.04,0.02,0.01,0.03,0.04,portensis
GCF_015627175.1,0.01,0.01,0.01,0.02,0.01,0.01,0.01,0.01,0.01,0.01,0.01,0.02,0.0,0.0,0.0,0.0,0.01,0.01,0.01,0.0,0.0,0.0,0.01,0.01,0.01,0.01,0.02,0.01,0.01,0.0,0.0,0.0,0.01,0.01,0.01,0.01,0.01,0.0,0.01,0.01,0.0,0.01,0.0,0.0,0.03,0.01,0.01,0.01,0.01,0.02,1.0,0.0,0.01,0.0,0.01,0.01,0.0,0.0,0.01,0.01,0.01,0.0,0.01,0.01,0.01,0.01,0.01,0.0,0.01,0.01,0.01,0.01,0.01,0.0,0.01,0.01,0.01,0.01,0.01,0.01,0.01,0.02,pollinis
GCF_015627205.1,0.01,0.01,0.01,0.02,0.01,0.01,0.02,0.01,0.01,0.0,0.01,0.01,0.0,0.0,0.0,0.0,0.01,0.01,0.01,0.01,0.0,0.01,0.01,0.01,0.01,0.01,0.02,0.01,0.01,0.01,0.0,0.0,0.01,0.01,0.01,0.0,0.0,0.01,0.01,0.01,0.0,0.01,0.0,0.0,0.02,0.02,0.01,0.01,0.01,0.02,1.0,0.0,0.01,0.0,0.01,0.01,0.0,0.0,0.01,0.01,0.02,0.01,0.01,0.01,0.02,0.0,0.01,0.01,0.01,0.0,0.01,0.01,0.01,0.0,0.01,0.01,0.01,0.01,0.01,0.01,0.01,0.02,pollinis
GCF_015627215.1,0.01,0.01,0.02,0.02,0.01,0.01,0.02,0.01,0.01,0.01,0.01,0.02,0.0,0.0,0.0,0.0,0.01,0.01,0.01,0.01,0.01,0.01,0.01,0.01,0.01,0.01,0.02,0.01,0.01,0.0,0.0,0.0,0.01,0.01,0.01,0.0,0.0,0.01,0.01,0.01,0.0,0.01,0.0,0.01,0.02,0.01,0.01,0.01,0.01,0.02,1.0,0.0,0.01,0.0,0.01,0.01,0.01,0.0,0.0,0.01,0.02,0.01,0.01,0.01,0.01,0.0,0.01,0.01,0.01,0.0,0.01,0.01,0.01,0.01,0.01,0.01,0.01,0.01,0.01,0.01,0.01,0.02,pollinis
GCF_015627235.1,0.01,0.01,0.01,0.02,0.01,0.01,0.02,0.01,0.01,0.01,0.01,0.02,0.01,0.01,0.0,0.01,0.01,0.01,0.01,0.01,0.01,0.01,0.01,0.01,0.02,0.01,0.02,0.01,0.01,0.0,0.01,0.0,0.01,0.01,0.01,0.0,0.0,0.01,0.01,0.01,0.0,0.01,0.0,0.01,0.04,0.02,0.01,0.01,0.01,0.02,1.0,0.0,0.01,0.0,0.01,0.01,0.01,0.0,0.0,0.01,0.01,0.0,0.01,0.01,0.02,0.0,0.01,0.01,0.01,0.0,0.01,0.01,0.01,0.0,0.01,0.01,0.01,0.01,0.01,0.01,0.01,0.02,pollinis
GCF_000367945.1,0.02,0.02,0.01,0.03,0.03,0.06,0.04,0.03,0.0,0.03,0.03,0.04,0.01,0.01,0.01,0.1,0.12,0.02,0.03,0.1,0.01,0.01,0.03,0.04,0.27,0.03,0.04,0.27,0.05,0.02,0.02,0.0,0.03,0.04,0.06,0.01,0.02,0.01,0.04,0.01,0.01,0.04,0.01,0.05,0.02,0.04,0.04,0.07,0.04,0.03,0.01,0.01,0.03,0.01,1.0,0.03,0.01,0.02,0.01,0.03,0.02,0.01,0.03,0.03,0.05,0.01,0.01,0.01,0.03,0.01,0.03,0.03,0.02,0.01,0.06,0.03,0.04,0.03,0.06,0.06,0.01,0.03,proteolyticus
GCF_001605895.1,0.01,0.0,0.0,0.01,0.01,0.01,0.02,0.02,0.0,0.06,0.01,0.02,0.01,0.01,0.01,0.01,0.01,0.03,0.01,0.01,0.01,0.01,0.01,0.01,0.02,0.01,0.02,0.02,0.01,0.01,0.01,0.01,0.02,0.02,0.01,0.01,0.01,0.01,0.01,0.01,0.01,0.02,0.0,0.01,0.0,0.01,0.01,0.01,0.03,0.02,0.01,0.0,0.01,1.0,0.01,0.02,0.01,0.0,0.0,0.01,0.0,0.0,0.0,0.02,0.01,0.01,0.01,0.01,0.01,0.01,0.01,0.02,0.02,0.01,0.01,0.02,0.01,0.02,0.01,0.01,0.01,0.03,pragensis
GCF_001753605.1,0.01,0.0,0.0,0.03,0.01,0.05,0.04,0.01,0.0,0.01,0.01,0.02,0.01,0.01,0.01,0.08,0.09,0.02,0.01,0.06,0.01,0.01,0.01,0.03,0.25,0.01,0.03,0.26,0.04,0.01,0.0,0.0,0.02,0.02,0.04,0.01,0.01,0.01,0.02,0.01,0.0,0.02,0.0,0.04,0.0,0.03,0.02,0.06,0.02,0.04,0.01,0.01,0.01,0.0,1.0,0.01,0.01,0.0,0.0,0.01,0.0,0.01,0.01,0.02,0.03,0.01,0.01,0.0,0.01,0.0,0.02,0.01,0.02,0.01,0.04,0.01,0.02,0.02,0.05,0.05,0.01,0.02,proteolyticus
GCF_002835245.1,0.01,0.0,0.0,0.02,0.01,0.05,0.03,0.01,0.0,0.01,0.01,0.03,0.0,0.0,0.01,0.04,0.1,0.01,0.01,0.06,0.01,0.01,0.01,0.03,0.26,0.01,0.02,0.22,0.04,0.01,0.0,0.0,0.01,0.02,0.04,0.0,0.0,0.01,0.02,0.01,0.0,0.02,0.0,0.02,0.0,0.02,0.01,0.06,0.02,0.03,0.0,0.0,0.01,0.01,1.0,0.01,0.01,0.0,0.0,0.01,0.0,0.01,0.01,0.01,0.03,0.01,0.01,0.01,0.01,0.01,0.01,0.01,0.01,0.0,0.04,0.01,0.02,0.01,0.05,0.05,0.01,0.02,proteolyticus
GCF_000369105.1,0.02,0.01,0.01,0.02,0.02,0.02,0.04,0.04,0.01,0.03,0.02,0.03,0.01,0.01,0.02,0.02,0.02,0.04,0.03,0.01,0.01,0.02,0.03,0.02,0.03,0.02,0.04,0.03,0.03,0.01,0.02,0.06,0.06,0.05,0.04,0.01,0.02,0.02,0.02,0.03,0.01,0.57,0.01,0.01,0.01,0.03,0.02,0.04,0.04,0.03,0.01,0.01,0.03,0.01,0.03,1.0,0.02,0.01,0.01,0.04,0.01,0.01,0.01,0.09,0.03,0.02,0.02,0.01,0.03,0.01,0.03,0.04,0.04,0.01,0.02,0.05,0.03,0.1,0.03,0.01,0.04,0.04,pseudolwoffii
GCF_000369445.1,0.03,0.02,0.0,0.02,0.03,0.02,0.04,0.03,0.01,0.03,0.03,0.03,0.01,0.02,0.01,0.02,0.03,0.03,0.03,0.01,0.01,0.02,0.03,0.03,0.03,0.03,0.04,0.03,0.03,0.0,0.03,0.06,0.05,0.04,0.03,0.01,0.03,0.01,0.03,0.03,0.01,0.41,0.0,0.02,0.02,0.03,0.02,0.03,0.04,0.02,0.01,0.01,0.03,0.01,0.03,1.0,0.01,0.02,0.01,0.03,0.01,0.01,0.02,0.07,0.03,0.02,0.02,0.01,0.03,0.01,0.03,0.05,0.04,0.01,0.02,0.04,0.03,0.08,0.03,0.01,0.03,0.03,pseudolwoffii
GCF_006352475.1,0.02,0.0,0.01,0.02,0.02,0.01,0.04,0.02,0.0,0.01,0.01,0.02,0.01,0.01,0.01,0.01,0.02,0.03,0.02,0.01,0.01,0.02,0.02,0.02,0.03,0.02,0.03,0.02,0.02,0.0,0.01,0.0,0.03,0.03,0.04,0.01,0.01,0.01,0.02,0.02,0.01,0.04,0.0,0.01,0.01,0.02,0.01,0.03,0.03,0.03,0.01,0.0,0.02,0.01,0.02,0.02,1.0,0.0,0.01,0.02,0.01,0.02,0.02,0.03,0.02,0.02,0.01,0.02,0.01,0.01,0.02,0.02,0.02,0.01,0.01,0.03,0.03,0.03,0.03,0.01,0.01,0.04,pullicarnis
GCF_900096995.1.fna,0.0,0.0,0.0,0.01,0.01,0.01,0.02,0.01,0.0,0.0,0.01,0.01,0.0,0.0,0.0,0.0,0.01,0.01,0.01,0.0,0.0,0.0,0.01,0.01,0.01,0.01,0.02,0.01,0.01,0.0,0.0,0.0,0.01,0.01,0.01,0.0,0.0,0.0,0.01,0.0,0.0,0.01,0.01,0.0,0.0,0.01,0.01,0.01,0.01,0.02,0.0,0.05,0.0,0.0,0.01,0.0,0.0,1.0,0.01,0.01,0.0,0.0,0.0,0.01,0.01,0.0,0.0,0.0,0.01,0.0,0.01,0.01,0.01,0.0,0.01,0.01,0.01,0.01,0.01,0.01,0.0,0.01,puyangensis
GCF_001753595.1,0.0,0.0,0.0,0.01,0.01,0.01,0.02,0.0,0.0,0.0,0.01,0.02,0.0,0.0,0.0,0.0,0.01,0.01,0.0,0.0,0.0,0.0,0.01,0.0,0.01,0.01,0.02,0.01,0.01,0.0,0.0,0.0,0.01,0.01,0.01,0.0,0.0,0.0,0.01,0.0,0.0,0.01,0.0,0.0,0.0,0.01,0.01,0.01,0.01,0.01,0.0,0.01,0.0,0.0,0.01,0.0,0.0,0.0,1.0,0.01,0.0,0.0,0.01,0.01,0.01,0.0,0.0,0.0,0.01,0.0,0.01,0.01,0.01,0.0,0.01,0.01,0.01,0.01,0.01,0.01,0.0,0.01,qingfengensis
GCF_008693185.1,0.0,0.0,0.0,0.01,0.01,0.01,0.02,0.01,0.0,0.0,0.0,0.01,0.0,0.0,0.0,0.0,0.01,0.01,0.0,0.0,0.0,0.0,0.01,0.01,0.01,0.01,0.02,0.01,0.01,0.0,0.0,0.0,0.01,0.01,0.01,0.0,0.0,0.0,0.01,0.0,0.0,0.01,0.0,0.0,0.0,0.01,0.01,0.01,0.01,0.01,0.01,0.01,0.0,0.0,0.01,0.0,0.0,0.01,1.0,0.01,0.0,0.0,0.0,0.01,0.01,0.0,0.0,0.0,0.01,0.0,0.01,0.01,0.01,0.0,0.01,0.01,0.01,0.01,0.01,0.0,0.0,0.01,qingfengensis
GCF_000162115.1,0.02,0.01,0.0,0.02,0.02,0.02,0.03,0.02,0.0,0.02,0.02,0.03,0.01,0.0,0.01,0.01,0.02,0.01,0.02,0.0,0.01,0.01,0.02,0.02,0.02,0.02,0.03,0.02,0.02,0.01,0.02,0.0,0.03,0.03,0.02,0.01,0.01,0.01,0.02,0.01,0.0,0.04,0.0,0.01,0.01,0.03,0.02,0.03,0.03,0.02,0.01,0.0,0.01,0.01,0.02,0.02,0.01,0.01,0.0,0.87,0.01,0.01,0.01,0.04,0.03,0.01,0.01,0.01,0.02,0.0,0.02,0.03,0.02,0.01,0.01,0.02,0.03,0.04,0.02,0.01,0.01,0.02,radioresistens
GCF_000175675.1,0.01,0.0,0.0,0.02,0.01,0.01,0.03,0.01,0.0,0.01,0.01,0.02,0.01,0.01,0.01,0.01,0.01,0.02,0.01,0.0,0.01,0.01,0.01,0.01,0.02,0.01,0.03,0.02,0.01,0.0,0.0,0.01,0.03,0.02,0.02,0.0,0.01,0.01,0.01,0.01,0.0,0.03,0.01,0.01,0.0,0.02,0.01,0.02,0.02,0.02,0.0,0.0,0.01,0.0,0.02,0.02,0.01,0.0,0.0,0.83,0.0,0.01,0.01,0.03,0.02,0.01,0.01,0.01,0.01,0.01,0.02,0.02,0.01,0.01,0.01,0.01,0.02,0.03,0.01,0.01,0.01,0.02,radioresistens
GCF_000286595.1,0.02,0.01,0.01,0.03,0.02,0.01,0.03,0.02,0.01,0.01,0.02,0.02,0.0,0.01,0.01,0.01,0.02,0.02,0.01,0.01,0.01,0.02,0.02,0.01,0.02,0.02,0.03,0.02,0.01,0.01,0.01,0.0,0.04,0.03,0.02,0.01,0.01,0.01,0.02,0.01,0.01,0.05,0.01,0.01,0.01,0.02,0.01,0.02,0.03,0.03,0.01,0.0,0.01,0.01,0.02,0.02,0.01,0.01,0.01,0.8,0.01,0.01,0.01,0.03,0.02,0.01,0.01,0.01,0.02,0.01,0.02,0.02,0.03,0.01,0.01,0.03,0.03,0.04,0.02,0.01,0.02,0.02,radioresistens
GCF_000301795.1,0.01,0.0,0.01,0.02,0.01,0.01,0.03,0.01,0.0,0.01,0.01,0.02,0.01,0.01,0.01,0.01,0.02,0.02,0.02,0.01,0.01,0.01,0.01,0.01,0.03,0.02,0.03,0.02,0.02,0.01,0.01,0.01,0.03,0.02,0.02,0.01,0.01,0.01,0.02,0.01,0.01,0.03,0.01,0.01,0.01,0.02,0.01,0.02,0.02,0.03,0.01,0.0,0.01,0.01,0.02,0.01,0.01,0.0,0.01,0.87,0.01,0.01,0.01,0.03,0.02,0.01,0.01,0.01,0.02,0.01,0.01,0.02,0.02,0.01,0.01,0.02,0.03,0.03,0.02,0.01,0.01,0.03,radioresistens
GCF_015627125.1,0.01,0.0,0.03,0.02,0.01,0.01,0.02,0.01,0.03,0.0,0.01,0.02,0.0,0.0,0.0,0.0,0.01,0.01,0.01,0.01,0.01,0.01,0.01,0.01,0.01,0.01,0.02,0.01,0.01,0.01,0.0,0.0,0.01,0.01,0.01,0.0,0.0,0.0,0.01,0.01,0.0,0.01,0.0,0.0,0.01,0.01,0.01,0.01,0.01,0.02,0.02,0.0,0.01,0.0,0.01,0.01,0.0,0.0,0.01,0.01,1.0,0.0,0.01,0.01,0.01,0.01,0.01,0.0,0.01,0.0,0.01,0.01,0.01,0.0,0.01,0.01,0.01,0.01,0.01,0.01,0.01,0.01,rathckeae
GCF_015627165.1,0.01,0.01,0.03,0.02,0.01,0.01,0.02,0.01,0.06,0.01,0.01,0.02,0.0,0.01,0.0,0.01,0.01,0.01,0.01,0.0,0.01,0.01,0.01,0.01,0.01,0.01,0.02,0.02,0.01,0.01,0.0,0.0,0.01,0.01,0.01,0.0,0.0,0.01,0.02,0.01,0.0,0.01,0.0,0.01,0.01,0.02,0.01,0.01,0.02,0.02,0.02,0.0,0.01,0.0,0.01,0.01,0.0,0.01,0.01,0.01,1.0,0.01,0.01,0.01,0.02,0.0,0.01,0.01,0.01,0.01,0.01,0.01,0.01,0.0,0.01,0.01,0.01,0.01,0.01,0.01,0.01,0.02,rathckeae
GCF_003611475.1,0.01,0.0,0.0,0.02,0.01,0.01,0.08,0.02,0.0,0.01,0.01,0.02,0.01,0.01,0.01,0.01,0.01,0.05,0.05,0.01,0.01,0.01,0.02,0.01,0.03,0.02,0.04,0.02,0.01,0.0,0.01,0.0,0.02,0.05,0.06,0.01,0.01,0.01,0.01,0.01,0.0,0.03,0.0,0.01,0.0,0.04,0.01,0.02,0.08,0.03,0.0,0.0,0.01,0.0,0.02,0.01,0.02,0.0,0.0,0.01,0.01,1.0,0.01,0.02,0.02,0.01,0.01,0.05,0.01,0.01,0.03,0.02,0.02,0.01,0.01,0.02,0.04,0.02,0.02,0.01,0.01,0.08,rongchengensis
GCF_000413895.1,0.02,0.02,0.0,0.02,0.03,0.03,0.04,0.03,0.0,0.02,0.03,0.03,0.01,0.01,0.01,0.02,0.03,0.01,0.03,0.01,0.01,0.01,0.03,0.02,0.03,0.03,0.04,0.03,0.03,0.01,0.02,0.0,0.03,0.03,0.03,0.0,0.02,0.01,0.03,0.01,0.01,0.03,0.0,0.02,0.02,0.03,0.03,0.03,0.03,0.02,0.01,0.0,0.03,0.0,0.03,0.02,0.01,0.02,0.01,0.03,0.02,0.01,1.0,0.03,0.03,0.01,0.01,0.01,0.03,0.01,0.03,0.03,0.01,0.01,0.03,0.03,0.03,0.03,0.03,0.01,0.01,0.02,rudis
GCF_000829675.1,0.01,0.0,0.0,0.01,0.01,0.01,0.02,0.01,0.0,0.01,0.01,0.02,0.01,0.01,0.01,0.0,0.01,0.01,0.01,0.0,0.01,0.01,0.01,0.01,0.01,0.01,0.02,0.01,0.01,0.0,0.0,0.0,0.01,0.01,0.01,0.0,0.0,0.01,0.01,0.01,0.01,0.01,0.0,0.0,0.0,0.01,0.01,0.01,0.02,0.02,0.01,0.0,0.01,0.0,0.01,0.01,0.01,0.0,0.0,0.01,0.0,0.01,1.0,0.01,0.01,0.0,0.01,0.0,0.01,0.0,0.01,0.01,0.01,0.0,0.01,0.01,0.01,0.01,0.01,0.01,0.01,0.02,rudis
GCF_000301815.1,0.02,0.0,0.0,0.02,0.01,0.01,0.04,0.02,0.0,0.02,0.02,0.02,0.01,0.02,0.01,0.01,0.02,0.04,0.02,0.01,0.01,0.02,0.02,0.01,0.02,0.02,0.03,0.02,0.02,0.0,0.01,0.02,0.04,0.03,0.02,0.01,0.01,0.02,0.02,0.02,0.0,0.08,0.0,0.01,0.01,0.02,0.01,0.03,0.03,0.03,0.01,0.0,0.02,0.01,0.02,0.05,0.01,0.0,0.01,0.03,0.0,0.01,0.01,0.92,0.03,0.02,0.01,0.01,0.01,0.01,0.03,0.03,0.02,0.02,0.01,0.03,0.02,0.08,0.02,0.01,0.03,0.03,schindleri
GCF_000368465.1,0.03,0.0,0.0,0.02,0.02,0.01,0.05,0.03,0.0,0.02,0.02,0.02,0.01,0.02,0.02,0.01,0.02,0.04,0.02,0.01,0.01,0.03,0.02,0.02,0.03,0.02,0.03,0.02,0.03,0.0,0.02,0.02,0.06,0.05,0.03,0.01,0.02,0.02,0.02,0.02,0.01,0.1,0.01,0.01,0.01,0.03,0.01,0.04,0.03,0.03,0.01,0.01,0.03,0.01,0.02,0.05,0.01,0.01,0.01,0.03,0.01,0.02,0.01,1.0,0.03,0.01,0.02,0.01,0.02,0.01,0.03,0.04,0.04,0.01,0.02,0.04,0.03,0.14,0.02,0.01,0.02,0.04,schindleri
GCF_000368625.1,0.03,0.01,0.0,0.02,0.03,0.02,0.05,0.04,0.0,0.03,0.03,0.03,0.01,0.02,0.01,0.02,0.03,0.03,0.03,0.01,0.01,0.03,0.03,0.03,0.04,0.03,0.04,0.03,0.03,0.0,0.02,0.02,0.07,0.05,0.03,0.0,0.03,0.01,0.03,0.02,0.01,0.09,0.01,0.02,0.02,0.03,0.02,0.04,0.04,0.03,0.01,0.0,0.03,0.01,0.03,0.06,0.01,0.01,0.01,0.04,0.02,0.01,0.02,1.0,0.04,0.02,0.02,0.01,0.03,0.01,0.04,0.04,0.03,0.02,0.02,0.05,0.04,0.1,0.03,0.01,0.03,0.03,schindleri
GCF_001485065.1,0.02,0.0,0.0,0.02,0.01,0.01,0.03,0.02,0.0,0.02,0.01,0.02,0.01,0.01,0.01,0.01,0.01,0.03,0.02,0.01,0.01,0.01,0.01,0.01,0.02,0.01,0.03,0.02,0.02,0.01,0.01,0.02,0.04,0.03,0.02,0.01,0.02,0.01,0.01,0.02,0.0,0.08,0.0,0.01,0.0,0.02,0.01,0.02,0.03,0.03,0.0,0.0,0.01,0.01,0.02,0.04,0.01,0.0,0.01,0.02,0.0,0.01,0.01,1.0,0.02,0.01,0.01,0.01,0.02,0.01,0.03,0.02,0.03,0.01,0.01,0.03,0.02,0.08,0.02,0.01,0.02,0.03,schindleri
GCA_018403785.1,0.02,0.01,0.01,0.03,0.02,0.01,0.04,0.03,0.01,0.02,0.02,0.02,0.01,0.02,0.02,0.01,0.02,0.05,0.02,0.01,0.01,0.02,0.03,0.02,0.03,0.02,0.03,0.02,0.03,0.01,0.01,0.01,0.06,0.04,0.03,0.02,0.02,0.02,0.02,0.02,0.01,0.06,0.0,0.01,0.0,0.02,0.01,0.03,0.04,0.03,0.01,0.01,0.02,0.01,0.02,0.03,0.02,0.0,0.01,0.02,0.0,0.02,0.01,0.04,0.03,1.0,0.02,0.01,0.02,0.01,0.04,0.03,0.03,0.01,0.02,0.61,0.03,0.05,0.03,0.01,0.02,0.05,seohaensis
GCF_001054375.1,0.01,0.0,0.01,0.21,0.02,0.02,0.04,0.01,0.0,0.01,0.02,0.13,0.01,0.01,0.01,0.01,0.03,0.02,0.01,0.01,0.01,0.01,0.01,0.02,0.03,0.02,0.02,0.03,0.02,0.01,0.0,0.0,0.02,0.03,0.03,0.01,0.0,0.01,0.14,0.01,0.0,0.02,0.0,0.01,0.01,0.29,0.12,0.03,0.02,0.2,0.01,0.01,0.02,0.01,0.03,0.01,0.01,0.0,0.01,0.02,0.0,0.01,0.01,0.02,0.62,0.01,0.01,0.01,0.02,0.01,0.02,0.02,0.01,0.01,0.02,0.02,0.03,0.03,0.03,0.02,0.01,0.03,seifertii
GCF_002148925.1,0.01,0.0,0.0,0.2,0.02,0.02,0.03,0.01,0.0,0.01,0.01,0.13,0.01,0.01,0.01,0.01,0.03,0.02,0.01,0.01,0.01,0.01,0.01,0.02,0.03,0.02,0.03,0.03,0.03,0.01,0.0,0.0,0.02,0.02,0.04,0.01,0.01,0.01,0.14,0.01,0.0,0.03,0.0,0.01,0.0,0.27,0.12,0.03,0.03,0.18,0.01,0.0,0.01,0.01,0.03,0.01,0.01,0.0,0.0,0.02,0.0,0.01,0.01,0.02,1.0,0.01,0.01,0.01,0.02,0.01,0.02,0.02,0.02,0.01,0.02,0.02,0.03,0.02,0.02,0.02,0.01,0.03,seifertii
GCF_002795345.1,0.01,0.0,0.0,0.19,0.01,0.02,0.02,0.01,0.0,0.01,0.01,0.12,0.0,0.01,0.0,0.01,0.02,0.01,0.01,0.01,0.0,0.01,0.01,0.01,0.02,0.01,0.02,0.02,0.02,0.01,0.0,0.0,0.01,0.02,0.02,0.01,0.01,0.01,0.13,0.01,0.0,0.01,0.0,0.01,0.0,0.25,0.1,0.02,0.02,0.17,0.01,0.0,0.01,0.01,0.02,0.01,0.0,0.0,0.0,0.01,0.0,0.01,0.01,0.01,0.55,0.01,0.01,0.01,0.02,0.01,0.01,0.01,0.01,0.0,0.01,0.01,0.01,0.01,0.02,0.01,0.01,0.02,seifertii
GCF_002795375.1,0.01,0.0,0.0,0.19,0.02,0.02,0.02,0.01,0.0,0.01,0.01,0.13,0.01,0.01,0.01,0.01,0.02,0.01,0.01,0.01,0.01,0.01,0.01,0.01,0.03,0.01,0.02,0.02,0.02,0.01,0.0,0.0,0.01,0.01,0.02,0.01,0.01,0.01,0.13,0.01,0.01,0.02,0.0,0.01,0.0,0.28,0.11,0.02,0.02,0.17,0.01,0.0,0.01,0.0,0.02,0.01,0.0,0.0,0.01,0.01,0.01,0.01,0.01,0.01,0.77,0.0,0.01,0.01,0.01,0.01,0.02,0.01,0.01,0.01,0.01,0.01,0.02,0.01,0.02,0.02,0.01,0.02,seifertii
GCF_011174715.1,0.01,0.0,0.0,0.02,0.01,0.01,0.03,0.02,0.01,0.01,0.01,0.02,0.01,0.01,0.01,0.01,0.01,0.02,0.01,0.01,0.01,0.02,0.02,0.01,0.02,0.01,0.03,0.02,0.01,0.0,0.01,0.01,0.01,0.02,0.02,0.0,0.01,0.01,0.01,0.03,0.01,0.02,0.0,0.0,0.0,0.02,0.01,0.02,0.03,0.02,0.01,0.0,0.02,0.01,0.02,0.02,0.01,0.0,0.0,0.01,0.0,0.01,0.01,0.02,0.02,0.01,1.0,0.01,0.01,0.01,0.02,0.02,0.02,0.01,0.01,0.02,0.01,0.02,0.02,0.01,0.02,0.02,shaoyimingii
GCF_011578045.1,0.02,0.01,0.01,0.02,0.02,0.02,0.03,0.02,0.01,0.02,0.02,0.03,0.01,0.01,0.01,0.01,0.02,0.03,0.02,0.01,0.02,0.01,0.02,0.02,0.03,0.01,0.03,0.02,0.02,0.01,0.01,0.01,0.02,0.03,0.02,0.01,0.01,0.01,0.02,0.04,0.01,0.03,0.01,0.01,0.01,0.02,0.02,0.02,0.03,0.03,0.01,0.01,0.02,0.01,0.02,0.02,0.01,0.01,0.01,0.02,0.01,0.01,0.01,0.03,0.02,0.01,1.0,0.01,0.02,0.01,0.02,0.03,0.03,0.01,0.02,0.02,0.02,0.02,0.02,0.01,0.03,0.03,shaoyimingii
GCF_003024515.2,0.01,0.0,0.0,0.02,0.01,0.01,0.06,0.02,0.0,0.01,0.01,0.02,0.01,0.01,0.01,0.01,0.01,0.06,0.05,0.01,0.01,0.01,0.02,0.01,0.02,0.01,0.03,0.02,0.01,0.01,0.0,0.0,0.02,0.03,0.05,0.01,0.01,0.01,0.01,0.01,0.01,0.02,0.0,0.01,0.0,0.04,0.01,0.02,0.09,0.02,0.01,0.0,0.01,0.01,0.02,0.01,0.01,0.0,0.0,0.01,0.0,0.04,0.01,0.02,0.02,0.01,0.01,1.0,0.01,0.01,0.02,0.02,0.02,0.01,0.01,0.02,0.02,0.02,0.02,0.01,0.01,0.08,sichuanensis
GCF_000368705.1,0.01,0.01,0.01,0.02,0.08,0.02,0.03,0.01,0.0,0.01,0.02,0.03,0.0,0.01,0.01,0.01,0.03,0.02,0.01,0.01,0.01,0.01,0.01,0.02,0.03,0.02,0.02,0.03,0.02,0.01,0.01,0.0,0.02,0.02,0.02,0.01,0.01,0.01,0.02,0.01,0.01,0.02,0.0,0.01,0.01,0.02,0.02,0.02,0.02,0.03,0.01,0.0,0.01,0.01,0.02,0.01,0.01,0.01,0.01,0.02,0.01,0.01,0.01,0.02,0.03,0.01,0.01,0.01,0.87,0.01,0.02,0.01,0.02,0.01,0.02,0.02,0.03,0.02,0.02,0.01,0.01,0.02,soli
GCF_000368725.1,0.01,0.01,0.01,0.03,0.08,0.02,0.03,0.02,0.01,0.01,0.02,0.03,0.01,0.01,0.01,0.01,0.03,0.02,0.02,0.01,0.01,0.01,0.02,0.02,0.03,0.03,0.03,0.03,0.03,0.01,0.01,0.0,0.02,0.02,0.03,0.01,0.01,0.01,0.03,0.02,0.01,0.03,0.01,0.01,0.01,0.03,0.02,0.02,0.03,0.04,0.01,0.01,0.01,0.01,0.03,0.02,0.01,0.01,0.01,0.02,0.01,0.01,0.02,0.02,0.04,0.01,0.01,0.01,1.0,0.01,0.02,0.02,0.02,0.01,0.02,0.02,0.04,0.02,0.03,0.01,0.01,0.02,soli
GCF_001953195.1,0.01,0.01,0.01,0.03,0.07,0.02,0.03,0.01,0.0,0.01,0.02,0.03,0.01,0.01,0.01,0.01,0.03,0.02,0.01,0.01,0.01,0.01,0.02,0.02,0.03,0.03,0.02,0.02,0.02,0.01,0.01,0.0,0.02,0.02,0.02,0.01,0.01,0.01,0.03,0.01,0.01,0.02,0.0,0.01,0.01,0.03,0.02,0.02,0.02,0.03,0.01,0.01,0.01,0.01,0.02,0.02,0.01,0.01,0.01,0.02,0.0,0.01,0.01,0.01,0.03,0.01,0.01,0.01,0.65,0.01,0.02,0.02,0.01,0.01,0.02,0.02,0.03,0.02,0.02,0.01,0.01,0.02,soli
GCF_002927815.1,0.01,0.0,0.0,0.02,0.07,0.01,0.02,0.01,0.0,0.01,0.01,0.02,0.01,0.0,0.01,0.01,0.02,0.01,0.01,0.01,0.0,0.01,0.01,0.01,0.02,0.02,0.02,0.02,0.02,0.0,0.01,0.0,0.01,0.02,0.02,0.01,0.01,0.01,0.02,0.01,0.0,0.02,0.0,0.0,0.0,0.02,0.01,0.02,0.02,0.03,0.01,0.01,0.01,0.0,0.02,0.01,0.01,0.0,0.01,0.01,0.0,0.01,0.01,0.01,0.03,0.01,0.01,0.0,0.76,0.01,0.01,0.01,0.01,0.0,0.01,0.01,0.02,0.02,0.01,0.01,0.01,0.01,soli
GCF_900323515.1,0.01,0.0,0.0,0.02,0.01,0.01,0.02,0.01,0.0,0.01,0.01,0.02,0.0,0.01,0.01,0.0,0.01,0.01,0.01,0.01,0.0,0.01,0.03,0.01,0.02,0.01,0.03,0.01,0.01,0.0,0.0,0.0,0.01,0.01,0.01,0.01,0.01,0.01,0.01,0.01,0.0,0.02,0.0,0.0,0.0,0.01,0.01,0.01,0.02,0.02,0.0,0.0,0.01,0.01,0.01,0.01,0.01,0.0,0.0,0.01,0.0,0.01,0.01,0.01,0.02,0.01,0.01,0.01,0.01,1.0,0.01,0.01,0.01,0.0,0.01,0.01,0.02,0.02,0.01,0.01,0.01,0.03,stercoris
GCF_000400735.1,0.02,0.01,0.0,0.03,0.02,0.02,0.04,0.03,0.0,0.02,0.02,0.03,0.01,0.01,0.01,0.02,0.02,0.03,0.02,0.01,0.01,0.02,0.03,0.02,0.03,0.03,0.03,0.02,0.02,0.01,0.01,0.01,0.03,0.04,0.03,0.04,0.01,0.02,0.02,0.01,0.01,0.04,0.01,0.02,0.01,0.03,0.02,0.03,0.04,0.03,0.01,0.01,0.02,0.01,0.03,0.02,0.01,0.01,0.01,0.02,0.01,0.02,0.01,0.03,0.03,0.01,0.02,0.01,0.02,0.01,1.0,0.03,0.03,0.01,0.02,0.03,0.04,0.03,0.04,0.01,0.01,0.04,tandoii
GCF_000621065.1,0.01,0.0,0.0,0.02,0.01,0.01,0.03,0.02,0.0,0.01,0.02,0.02,0.01,0.01,0.01,0.01,0.02,0.03,0.02,0.01,0.01,0.01,0.02,0.01,0.03,0.02,0.03,0.02,0.02,0.01,0.01,0.01,0.02,0.04,0.03,0.06,0.01,0.02,0.01,0.01,0.0,0.03,0.0,0.01,0.0,0.02,0.01,0.02,0.03,0.03,0.01,0.0,0.02,0.01,0.02,0.02,0.01,0.0,0.0,0.01,0.0,0.02,0.01,0.03,0.02,0.02,0.01,0.01,0.02,0.01,1.0,0.03,0.02,0.01,0.01,0.03,0.04,0.03,0.02,0.01,0.01,0.04,tandoii
GCF_000760555.1,0.02,0.0,0.0,0.02,0.01,0.01,0.04,0.03,0.0,0.01,0.02,0.02,0.01,0.01,0.01,0.01,0.02,0.03,0.01,0.01,0.01,0.02,0.02,0.01,0.03,0.02,0.02,0.02,0.02,0.0,0.01,0.01,0.03,0.04,0.02,0.04,0.01,0.02,0.02,0.01,0.0,0.03,0.0,0.01,0.01,0.02,0.02,0.02,0.03,0.03,0.01,0.0,0.02,0.01,0.02,0.02,0.01,0.0,0.0,0.02,0.0,0.02,0.01,0.03,0.03,0.01,0.01,0.01,0.02,0.0,1.0,0.02,0.02,0.01,0.01,0.03,0.02,0.03,0.03,0.01,0.01,0.03,tandoii
GCF_004331155.1,0.03,0.0,0.0,0.02,0.01,0.01,0.03,0.05,0.0,0.02,0.01,0.02,0.02,0.01,0.01,0.01,0.02,0.02,0.01,0.01,0.01,0.03,0.01,0.01,0.02,0.01,0.03,0.02,0.01,0.0,0.02,0.01,0.02,0.03,0.01,0.01,0.03,0.04,0.02,0.02,0.0,0.05,0.0,0.01,0.01,0.02,0.01,0.02,0.03,0.02,0.01,0.01,0.02,0.01,0.02,0.03,0.01,0.0,0.0,0.01,0.0,0.01,0.01,0.03,0.02,0.01,0.01,0.01,0.02,0.0,0.02,0.27,1.0,0.01,0.01,0.02,0.02,0.03,0.02,0.01,0.02,0.03,terrestris
GCF_004331185.1,0.03,0.0,0.0,0.02,0.01,0.01,0.03,0.05,0.0,0.02,0.01,0.02,0.02,0.01,0.01,0.01,0.02,0.03,0.01,0.01,0.01,0.02,0.02,0.01,0.02,0.01,0.03,0.02,0.02,0.0,0.02,0.01,0.03,0.03,0.02,0.01,0.04,0.04,0.02,0.02,0.01,0.05,0.0,0.01,0.01,0.02,0.01,0.02,0.03,0.02,0.01,0.01,0.02,0.01,0.02,0.03,0.01,0.0,0.01,0.02,0.0,0.01,0.01,0.03,0.02,0.01,0.02,0.01,0.02,0.0,0.03,0.25,1.0,0.01,0.01,0.03,0.01,0.03,0.02,0.01,0.02,0.03,terrestris
GCF_013004275.1,0.03,0.0,0.0,0.02,0.01,0.02,0.03,0.06,0.0,0.02,0.01,0.02,0.01,0.01,0.01,0.01,0.02,0.03,0.01,0.01,0.01,0.02,0.02,0.01,0.02,0.02,0.03,0.02,0.02,0.01,0.02,0.01,0.03,0.04,0.02,0.01,0.03,0.04,0.02,0.02,0.01,0.04,0.0,0.01,0.0,0.02,0.01,0.02,0.03,0.03,0.01,0.0,0.02,0.01,0.02,0.03,0.01,0.0,0.0,0.02,0.0,0.01,0.01,0.03,0.02,0.02,0.02,0.01,0.02,0.01,0.03,0.54,0.21,0.01,0.01,0.03,0.02,0.04,0.02,0.01,0.02,0.03,terrae
GCF_013004355.1,0.03,0.0,0.0,0.02,0.01,0.01,0.03,0.06,0.0,0.02,0.01,0.02,0.01,0.01,0.01,0.01,0.02,0.02,0.01,0.0,0.01,0.02,0.02,0.01,0.02,0.01,0.03,0.02,0.02,0.0,0.02,0.01,0.02,0.03,0.01,0.01,0.03,0.04,0.02,0.02,0.01,0.04,0.0,0.01,0.0,0.02,0.01,0.02,0.03,0.02,0.01,0.0,0.02,0.01,0.02,0.03,0.01,0.0,0.0,0.01,0.0,0.01,0.01,0.03,0.02,0.01,0.02,0.01,0.01,0.01,0.02,0.62,0.24,0.01,0.01,0.02,0.02,0.03,0.02,0.01,0.02,0.03,terrae
GCF_013004365.1,0.03,0.0,0.01,0.02,0.01,0.01,0.03,0.05,0.0,0.02,0.02,0.02,0.02,0.01,0.01,0.01,0.02,0.03,0.01,0.01,0.01,0.02,0.02,0.01,0.02,0.01,0.03,0.02,0.01,0.0,0.02,0.01,0.02,0.03,0.02,0.01,0.03,0.04,0.02,0.02,0.0,0.04,0.0,0.01,0.0,0.02,0.01,0.02,0.03,0.02,0.01,0.01,0.02,0.01,0.02,0.03,0.01,0.0,0.01,0.02,0.0,0.01,0.01,0.03,0.03,0.01,0.02,0.01,0.01,0.01,0.03,0.59,0.24,0.01,0.01,0.02,0.02,0.03,0.02,0.01,0.02,0.03,terrae
GCF_013004375.1,0.03,0.0,0.0,0.02,0.01,0.01,0.03,0.06,0.0,0.02,0.02,0.02,0.02,0.01,0.01,0.01,0.01,0.03,0.02,0.01,0.01,0.02,0.02,0.01,0.02,0.01,0.03,0.02,0.02,0.0,0.02,0.01,0.03,0.03,0.02,0.01,0.03,0.05,0.01,0.02,0.01,0.04,0.0,0.0,0.01,0.02,0.01,0.02,0.03,0.02,0.01,0.01,0.02,0.01,0.02,0.03,0.01,0.0,0.01,0.02,0.0,0.01,0.01,0.03,0.02,0.01,0.02,0.01,0.01,0.01,0.03,0.73,0.24,0.01,0.01,0.02,0.02,0.03,0.02,0.01,0.02,0.03,terrae
GCF_013004415.1,0.03,0.0,0.0,0.02,0.01,0.01,0.02,0.05,0.0,0.02,0.01,0.02,0.01,0.01,0.01,0.01,0.02,0.03,0.02,0.01,0.01,0.02,0.01,0.01,0.02,0.01,0.03,0.02,0.01,0.01,0.01,0.01,0.02,0.03,0.01,0.01,0.03,0.04,0.02,0.02,0.0,0.04,0.0,0.01,0.0,0.02,0.01,0.01,0.02,0.02,0.01,0.0,0.02,0.01,0.02,0.02,0.01,0.0,0.0,0.01,0.0,0.01,0.01,0.03,0.02,0.01,0.02,0.01,0.01,0.01,0.02,0.23,1.0,0.01,0.01,0.02,0.01,0.03,0.02,0.01,0.02,0.03,terrestris
GCF_013004435.1,0.02,0.0,0.0,0.02,0.01,0.01,0.03,0.05,0.0,0.02,0.01,0.02,0.01,0.01,0.01,0.01,0.02,0.03,0.02,0.01,0.01,0.02,0.02,0.01,0.02,0.01,0.03,0.02,0.01,0.01,0.02,0.01,0.02,0.03,0.01,0.01,0.03,0.04,0.01,0.02,0.01,0.05,0.0,0.01,0.0,0.02,0.01,0.02,0.03,0.02,0.01,0.01,0.02,0.01,0.01,0.03,0.01,0.0,0.0,0.01,0.01,0.01,0.01,0.03,0.02,0.01,0.01,0.01,0.01,0.01,0.02,0.24,0.57,0.01,0.01,0.03,0.02,0.04,0.02,0.01,0.02,0.03,terrestris
GCF_003611465.1,0.01,0.0,0.0,0.02,0.01,0.01,0.03,0.01,0.0,0.03,0.01,0.02,0.01,0.02,0.01,0.01,0.01,0.06,0.01,0.01,0.01,0.02,0.02,0.01,0.02,0.01,0.02,0.01,0.01,0.01,0.0,0.01,0.02,0.03,0.02,0.01,0.01,0.01,0.01,0.01,0.0,0.03,0.0,0.0,0.0,0.01,0.01,0.02,0.03,0.02,0.0,0.0,0.01,0.01,0.01,0.02,0.01,0.0,0.0,0.01,0.0,0.01,0.01,0.03,0.01,0.01,0.01,0.01,0.01,0.0,0.02,0.02,0.02,1.0,0.01,0.03,0.01,0.02,0.01,0.01,0.02,0.03,tianfuensis
GCF_000374425.1,0.01,0.0,0.0,0.03,0.01,0.06,0.03,0.01,0.0,0.01,0.01,0.03,0.01,0.01,0.01,0.04,0.05,0.02,0.01,0.03,0.01,0.01,0.01,0.03,0.08,0.01,0.03,0.06,0.04,0.02,0.0,0.0,0.01,0.02,0.05,0.01,0.01,0.01,0.02,0.01,0.0,0.02,0.0,0.06,0.0,0.02,0.02,0.09,0.02,0.03,0.01,0.0,0.01,0.01,0.06,0.01,0.0,0.0,0.0,0.01,0.0,0.01,0.01,0.01,0.03,0.01,0.01,0.01,0.01,0.01,0.02,0.01,0.02,0.0,1.0,0.01,0.02,0.01,0.05,0.03,0.01,0.03,tjernbergiae
GCF_000488175.1,0.01,0.0,0.0,0.02,0.01,0.05,0.03,0.01,0.0,0.01,0.01,0.03,0.01,0.0,0.0,0.04,0.05,0.01,0.01,0.05,0.01,0.01,0.01,0.02,0.08,0.01,0.03,0.06,0.04,0.03,0.0,0.0,0.01,0.02,0.05,0.01,0.01,0.01,0.02,0.01,0.0,0.01,0.0,0.06,0.0,0.02,0.02,0.08,0.03,0.03,0.01,0.0,0.01,0.01,0.06,0.01,0.01,0.0,0.01,0.01,0.0,0.01,0.01,0.01,0.03,0.01,0.01,0.01,0.01,0.01,0.02,0.01,0.01,0.01,1.0,0.01,0.02,0.01,0.05,0.03,0.01,0.02,tjernbergiae
GCF_000759995.1,0.01,0.0,0.0,0.03,0.01,0.06,0.03,0.01,0.0,0.01,0.01,0.03,0.01,0.01,0.01,0.03,0.05,0.02,0.01,0.03,0.01,0.01,0.01,0.03,0.08,0.02,0.04,0.06,0.04,0.02,0.0,0.0,0.01,0.02,0.05,0.01,0.01,0.01,0.02,0.01,0.0,0.02,0.0,0.07,0.0,0.02,0.02,0.11,0.02,0.03,0.01,0.0,0.01,0.0,0.06,0.01,0.01,0.0,0.01,0.01,0.0,0.01,0.01,0.01,0.03,0.01,0.01,0.01,0.01,0.0,0.02,0.01,0.01,0.0,1.0,0.01,0.02,0.01,0.05,0.03,0.01,0.03,tjernbergiae
GCF_000368785.1,0.04,0.02,0.01,0.03,0.04,0.04,0.05,0.04,0.01,0.04,0.04,0.04,0.01,0.02,0.02,0.03,0.04,0.04,0.04,0.01,0.01,0.02,0.05,0.03,0.05,0.04,0.05,0.05,0.05,0.01,0.03,0.01,0.08,0.06,0.04,0.02,0.04,0.01,0.04,0.02,0.01,0.07,0.01,0.03,0.02,0.04,0.03,0.05,0.06,0.03,0.01,0.0,0.04,0.01,0.04,0.04,0.01,0.02,0.01,0.04,0.02,0.01,0.03,0.06,0.05,0.37,0.02,0.01,0.04,0.02,0.05,0.04,0.03,0.02,0.04,1.0,0.05,0.07,0.04,0.01,0.02,0.04,towneri
GCF_000688495.1,0.02,0.0,0.01,0.02,0.01,0.01,0.03,0.03,0.0,0.01,0.02,0.02,0.01,0.02,0.01,0.01,0.02,0.04,0.02,0.01,0.01,0.02,0.02,0.01,0.02,0.02,0.03,0.02,0.02,0.01,0.01,0.01,0.05,0.03,0.03,0.01,0.01,0.01,0.02,0.02,0.01,0.05,0.01,0.01,0.0,0.02,0.01,0.03,0.04,0.03,0.01,0.0,0.02,0.01,0.02,0.03,0.01,0.01,0.01,0.02,0.01,0.01,0.01,0.04,0.02,0.41,0.02,0.01,0.02,0.01,0.03,0.02,0.02,0.01,0.01,1.0,0.02,0.04,0.03,0.01,0.02,0.04,towneri
GCF_000760575.1,0.02,0.0,0.01,0.02,0.01,0.01,0.03,0.03,0.0,0.02,0.02,0.02,0.01,0.01,0.01,0.01,0.02,0.03,0.02,0.01,0.01,0.02,0.02,0.01,0.02,0.02,0.03,0.02,0.02,0.01,0.01,0.01,0.05,0.03,0.02,0.01,0.01,0.02,0.02,0.02,0.0,0.04,0.0,0.01,0.0,0.02,0.01,0.02,0.03,0.03,0.01,0.01,0.02,0.01,0.02,0.03,0.01,0.0,0.01,0.02,0.01,0.01,0.01,0.04,0.02,0.3,0.01,0.01,0.02,0.01,0.03,0.03,0.03,0.02,0.01,1.0,0.02,0.03,0.02,0.01,0.02,0.03,towneri
GCF_001758345.1,0.02,0.0,0.01,0.03,0.02,0.02,0.05,0.02,0.01,0.02,0.02,0.02,0.01,0.01,0.02,0.01,0.02,0.04,0.03,0.01,0.01,0.02,0.02,0.02,0.03,0.02,0.03,0.02,0.03,0.0,0.01,0.01,0.06,0.06,0.05,0.01,0.02,0.01,0.02,0.02,0.01,0.06,0.01,0.01,0.01,0.03,0.01,0.05,0.04,0.03,0.01,0.01,0.03,0.01,0.02,0.03,0.02,0.0,0.01,0.03,0.0,0.02,0.01,0.05,0.03,0.18,0.02,0.01,0.02,0.01,0.03,0.03,0.03,0.02,0.01,1.0,0.04,0.06,0.03,0.01,0.02,0.04,towneri
GCF_000248135.1,0.02,0.0,0.0,0.02,0.02,0.01,0.04,0.02,0.0,0.01,0.01,0.02,0.01,0.01,0.01,0.01,0.02,0.02,0.02,0.01,0.01,0.01,0.02,0.01,0.03,0.15,0.03,0.02,0.02,0.01,0.0,0.0,0.03,0.03,0.03,0.01,0.01,0.02,0.02,0.01,0.0,0.04,0.01,0.01,0.0,0.02,0.01,0.03,0.03,0.03,0.01,0.0,0.01,0.0,0.03,0.01,0.01,0.0,0.01,0.02,0.01,0.01,0.01,0.02,0.03,0.01,0.01,0.01,0.02,0.01,0.03,0.02,0.02,0.01,0.01,0.02,0.8,0.03,0.02,0.01,0.01,0.03,ursingii
GCF_000949835.1,0.01,0.0,0.0,0.02,0.02,0.01,0.02,0.01,0.0,0.01,0.01,0.02,0.0,0.01,0.01,0.01,0.02,0.01,0.01,0.01,0.01,0.01,0.01,0.01,0.03,0.13,0.02,0.02,0.02,0.0,0.0,0.0,0.01,0.02,0.02,0.01,0.01,0.01,0.02,0.01,0.0,0.02,0.0,0.01,0.0,0.02,0.01,0.02,0.02,0.02,0.01,0.0,0.01,0.01,0.02,0.01,0.0,0.01,0.01,0.01,0.0,0.01,0.01,0.01,0.02,0.01,0.01,0.01,0.02,0.01,0.01,0.01,0.01,0.0,0.01,0.01,0.78,0.01,0.02,0.01,0.01,0.03,ursingii
GCF_001056675.1,0.01,0.0,0.01,0.02,0.03,0.01,0.04,0.01,0.0,0.01,0.02,0.02,0.01,0.01,0.01,0.01,0.02,0.02,0.01,0.01,0.01,0.01,0.02,0.02,0.03,0.14,0.03,0.02,0.02,0.01,0.01,0.0,0.02,0.03,0.03,0.01,0.01,0.01,0.02,0.01,0.01,0.03,0.01,0.02,0.01,0.02,0.01,0.03,0.02,0.03,0.01,0.01,0.01,0.01,0.03,0.01,0.01,0.0,0.01,0.02,0.0,0.01,0.01,0.03,0.03,0.01,0.01,0.01,0.02,0.01,0.02,0.02,0.02,0.01,0.01,0.02,0.61,0.03,0.02,0.01,0.01,0.03,ursingii
GCF_002943125.1,0.02,0.0,0.0,0.03,0.02,0.01,0.04,0.03,0.0,0.01,0.01,0.02,0.0,0.01,0.01,0.01,0.02,0.03,0.02,0.01,0.01,0.01,0.02,0.02,0.03,0.12,0.03,0.02,0.03,0.01,0.0,0.01,0.03,0.04,0.03,0.01,0.01,0.01,0.02,0.01,0.01,0.04,0.01,0.01,0.0,0.03,0.01,0.03,0.04,0.03,0.01,0.0,0.02,0.01,0.02,0.02,0.01,0.01,0.01,0.02,0.01,0.02,0.01,0.03,0.03,0.01,0.01,0.01,0.03,0.01,0.03,0.02,0.02,0.01,0.01,0.03,0.79,0.04,0.03,0.01,0.01,0.03,ursingii
GCF_003938405.1,0.03,0.0,0.0,0.03,0.01,0.01,0.04,0.03,0.0,0.02,0.01,0.02,0.01,0.01,0.02,0.01,0.02,0.05,0.03,0.01,0.01,0.02,0.02,0.02,0.03,0.02,0.03,0.02,0.03,0.01,0.01,0.03,0.06,0.06,0.04,0.01,0.02,0.02,0.02,0.02,0.0,0.11,0.01,0.01,0.0,0.03,0.01,0.04,0.04,0.03,0.01,0.01,0.03,0.01,0.02,0.07,0.02,0.0,0.01,0.04,0.0,0.01,0.01,0.11,0.03,0.02,0.01,0.01,0.03,0.01,0.03,0.03,0.03,0.02,0.01,0.05,0.04,0.89,0.02,0.01,0.02,0.04,variabilis
GCF_009822135.1,0.02,0.0,0.0,0.03,0.01,0.01,0.07,0.03,0.0,0.02,0.01,0.02,0.01,0.01,0.02,0.01,0.02,0.07,0.05,0.01,0.01,0.03,0.02,0.02,0.03,0.02,0.03,0.02,0.02,0.0,0.01,0.02,0.05,0.06,0.06,0.01,0.02,0.02,0.02,0.02,0.0,0.09,0.0,0.01,0.01,0.05,0.01,0.03,0.04,0.03,0.01,0.0,0.02,0.01,0.02,0.06,0.01,0.0,0.01,0.03,0.0,0.04,0.01,0.09,0.03,0.02,0.01,0.05,0.02,0.01,0.03,0.03,0.03,0.02,0.01,0.04,0.04,0.75,0.02,0.01,0.02,0.07,variabilis
GCF_016607565.1,0.03,0.0,0.01,0.03,0.02,0.02,0.05,0.03,0.0,0.03,0.02,0.03,0.01,0.02,0.02,0.02,0.02,0.05,0.03,0.01,0.02,0.03,0.03,0.02,0.04,0.02,0.03,0.02,0.03,0.01,0.01,0.02,0.08,0.05,0.03,0.02,0.02,0.02,0.02,0.02,0.01,0.11,0.01,0.02,0.01,0.03,0.02,0.03,0.04,0.04,0.01,0.01,0.03,0.01,0.03,0.06,0.02,0.0,0.01,0.04,0.01,0.02,0.02,0.11,0.03,0.03,0.02,0.02,0.03,0.01,0.04,0.03,0.04,0.02,0.02,0.05,0.03,0.85,0.04,0.02,0.03,0.05,variabilis
GCF_017592365.1,0.01,0.0,0.0,0.02,0.01,0.01,0.02,0.02,0.0,0.02,0.01,0.02,0.01,0.01,0.01,0.01,0.02,0.03,0.02,0.01,0.01,0.02,0.02,0.01,0.02,0.01,0.03,0.02,0.02,0.01,0.01,0.02,0.04,0.04,0.02,0.01,0.02,0.01,0.02,0.02,0.0,0.09,0.0,0.01,0.0,0.02,0.01,0.02,0.03,0.03,0.01,0.0,0.02,0.01,0.02,0.05,0.01,0.0,0.01,0.02,0.0,0.01,0.01,0.09,0.02,0.01,0.01,0.01,0.01,0.01,0.02,0.03,0.03,0.01,0.01,0.03,0.02,0.79,0.02,0.01,0.03,0.03,variabilis
GCF_001584645.1,0.01,0.0,0.01,0.03,0.02,0.05,0.03,0.01,0.0,0.01,0.02,0.03,0.01,0.01,0.01,0.03,0.05,0.02,0.01,0.02,0.01,0.01,0.02,0.04,0.07,0.02,0.03,0.06,0.06,0.02,0.01,0.0,0.02,0.02,0.08,0.01,0.01,0.01,0.03,0.01,0.01,0.02,0.01,0.03,0.01,0.03,0.02,0.06,0.02,0.04,0.01,0.01,0.01,0.01,0.06,0.01,0.01,0.01,0.01,0.02,0.01,0.01,0.01,0.02,0.03,0.01,0.02,0.01,0.02,0.01,0.02,0.02,0.02,0.01,0.04,0.02,0.03,0.02,0.94,0.04,0.01,0.03,venetianus
GCF_001584655.1,0.01,0.01,0.01,0.03,0.02,0.06,0.03,0.02,0.01,0.01,0.02,0.04,0.01,0.01,0.01,0.03,0.06,0.02,0.01,0.03,0.01,0.01,0.02,0.04,0.07,0.02,0.03,0.07,0.05,0.02,0.01,0.0,0.02,0.02,0.07,0.01,0.01,0.01,0.03,0.02,0.01,0.02,0.01,0.03,0.01,0.03,0.02,0.06,0.03,0.04,0.01,0.01,0.01,0.01,0.07,0.02,0.01,0.0,0.01,0.02,0.01,0.01,0.01,0.02,0.03,0.01,0.02,0.01,0.02,0.01,0.02,0.02,0.02,0.01,0.05,0.02,0.03,0.02,0.87,0.04,0.01,0.03,venetianus
GCF_001584665.1,0.02,0.0,0.01,0.03,0.02,0.06,0.04,0.02,0.0,0.01,0.02,0.03,0.01,0.01,0.01,0.03,0.06,0.02,0.02,0.03,0.01,0.01,0.02,0.04,0.07,0.02,0.04,0.07,0.06,0.02,0.01,0.0,0.02,0.03,0.07,0.01,0.01,0.01,0.03,0.02,0.01,0.03,0.01,0.03,0.01,0.03,0.02,0.07,0.03,0.05,0.01,0.01,0.02,0.01,0.07,0.02,0.01,0.01,0.01,0.02,0.0,0.01,0.01,0.02,0.03,0.01,0.01,0.01,0.02,0.01,0.03,0.02,0.01,0.01,0.05,0.02,0.03,0.02,0.75,0.05,0.01,0.03,venetianus
GCF_001584675.1,0.01,0.0,0.0,0.03,0.02,0.07,0.02,0.01,0.0,0.01,0.01,0.03,0.01,0.0,0.01,0.03,0.05,0.02,0.01,0.03,0.01,0.01,0.01,0.03,0.07,0.01,0.03,0.06,0.05,0.02,0.01,0.0,0.02,0.02,0.07,0.01,0.0,0.01,0.03,0.01,0.01,0.02,0.0,0.02,0.0,0.03,0.02,0.06,0.02,0.04,0.01,0.0,0.01,0.01,0.06,0.01,0.01,0.0,0.01,0.02,0.01,0.01,0.01,0.02,0.03,0.01,0.01,0.01,0.02,0.01,0.02,0.01,0.01,0.0,0.05,0.01,0.02,0.01,0.79,0.04,0.01,0.02,venetianus
GCF_014635885.1,0.01,0.0,0.0,0.03,0.01,0.04,0.02,0.01,0.0,0.01,0.01,0.03,0.0,0.01,0.01,0.03,0.19,0.01,0.01,0.04,0.01,0.01,0.01,0.03,0.1,0.01,0.02,0.09,0.04,0.02,0.0,0.0,0.01,0.02,0.04,0.0,0.0,0.01,0.02,0.01,0.0,0.02,0.0,0.02,0.0,0.02,0.02,0.05,0.02,0.03,0.0,0.0,0.01,0.01,0.09,0.01,0.0,0.0,0.0,0.01,0.0,0.01,0.01,0.01,0.03,0.01,0.01,0.01,0.01,0.0,0.01,0.01,0.01,0.01,0.04,0.01,0.02,0.02,0.06,1.0,0.01,0.02,vivianii
GCF_016502725.1,0.01,0.0,0.0,0.03,0.01,0.04,0.02,0.01,0.0,0.01,0.01,0.03,0.0,0.01,0.01,0.05,0.2,0.01,0.01,0.04,0.0,0.01,0.01,0.03,0.1,0.02,0.03,0.09,0.04,0.02,0.0,0.0,0.01,0.02,0.04,0.01,0.0,0.0,0.02,0.01,0.0,0.02,0.0,0.03,0.0,0.03,0.02,0.04,0.02,0.03,0.01,0.0,0.01,0.01,0.09,0.01,0.0,0.0,0.0,0.01,0.0,0.01,0.01,0.01,0.03,0.0,0.01,0.01,0.01,0.01,0.01,0.01,0.01,0.01,0.04,0.01,0.02,0.01,0.06,1.0,0.01,0.02,vivianii
GCF_009557235.1,0.02,0.01,0.01,0.02,0.02,0.02,0.03,0.03,0.01,0.03,0.02,0.03,0.02,0.02,0.02,0.01,0.02,0.03,0.02,0.01,0.02,0.03,0.02,0.02,0.03,0.02,0.03,0.02,0.02,0.01,0.01,0.01,0.03,0.04,0.02,0.02,0.01,0.02,0.02,0.04,0.01,0.06,0.01,0.01,0.01,0.02,0.02,0.02,0.04,0.03,0.01,0.01,0.03,0.01,0.02,0.04,0.01,0.0,0.01,0.02,0.01,0.01,0.02,0.05,0.02,0.02,0.03,0.01,0.02,0.01,0.03,0.04,0.03,0.02,0.02,0.03,0.02,0.04,0.02,0.02,1.0,0.03,wanghuae
GCF_009601085.1,0.02,0.0,0.0,0.02,0.01,0.01,0.03,0.02,0.0,0.01,0.01,0.02,0.01,0.01,0.01,0.01,0.02,0.03,0.01,0.01,0.01,0.03,0.01,0.01,0.02,0.01,0.03,0.02,0.01,0.01,0.0,0.01,0.02,0.02,0.01,0.01,0.01,0.01,0.02,0.03,0.01,0.05,0.01,0.01,0.01,0.01,0.01,0.01,0.03,0.02,0.01,0.0,0.02,0.01,0.02,0.03,0.01,0.01,0.01,0.01,0.01,0.01,0.01,0.04,0.01,0.01,0.03,0.01,0.01,0.01,0.02,0.03,0.04,0.01,0.01,0.02,0.01,0.03,0.01,0.01,1.0,0.03,wanghuae
GCF_001696605.3,0.02,0.0,0.01,0.02,0.02,0.02,0.07,0.02,0.0,0.02,0.02,0.02,0.01,0.01,0.05,0.01,0.02,0.04,0.05,0.01,0.01,0.02,0.03,0.02,0.03,0.01,0.06,0.02,0.02,0.01,0.01,0.0,0.03,0.04,0.03,0.01,0.01,0.01,0.03,0.02,0.01,0.03,0.01,0.01,0.01,0.02,0.01,0.03,0.06,0.03,0.01,0.01,0.02,0.01,0.02,0.02,0.02,0.01,0.01,0.02,0.01,0.03,0.01,0.03,0.03,0.02,0.02,0.03,0.02,0.01,0.02,0.03,0.02,0.02,0.02,0.03,0.03,0.03,0.02,0.01,0.02,1.0,wuhouensis
GCF_002165345.2,0.02,0.0,0.0,0.03,0.02,0.02,0.08,0.02,0.01,0.02,0.01,0.02,0.01,0.02,0.04,0.01,0.02,0.08,0.06,0.01,0.01,0.02,0.04,0.02,0.03,0.02,0.05,0.02,0.03,0.01,0.01,0.0,0.04,0.05,0.06,0.01,0.01,0.01,0.02,0.02,0.01,0.04,0.0,0.01,0.01,0.06,0.01,0.04,0.06,0.04,0.01,0.01,0.02,0.01,0.02,0.02,0.02,0.0,0.01,0.02,0.0,0.06,0.01,0.04,0.03,0.02,0.02,0.06,0.02,0.01,0.03,0.02,0.02,0.02,0.02,0.04,0.03,0.04,0.03,0.01,0.02,1.0,wuhouensis
GCF_004209115.1,0.01,0.0,0.0,0.02,0.01,0.01,0.06,0.02,0.0,0.01,0.01,0.02,0.01,0.01,0.02,0.01,0.02,0.03,0.03,0.01,0.01,0.01,0.02,0.01,0.03,0.01,0.05,0.02,0.01,0.01,0.01,0.0,0.02,0.03,0.02,0.01,0.01,0.01,0.02,0.02,0.0,0.02,0.0,0.01,0.0,0.02,0.01,0.02,0.05,0.02,0.01,0.0,0.01,0.01,0.02,0.01,0.01,0.0,0.0,0.01,0.0,0.02,0.01,0.02,0.02,0.01,0.02,0.02,0.01,0.01,0.02,0.02,0.02,0.01,0.01,0.02,0.02,0.02,0.02,0.01,0.01,1.0,wuhouensis
GCF_004209325.1,0.01,0.0,0.0,0.02,0.01,0.01,0.05,0.02,0.0,0.01,0.01,0.02,0.01,0.02,0.02,0.01,0.01,0.03,0.03,0.01,0.01,0.01,0.04,0.01,0.02,0.01,0.05,0.02,0.01,0.01,0.0,0.0,0.02,0.02,0.02,0.01,0.01,0.01,0.02,0.01,0.01,0.03,0.0,0.01,0.0,0.02,0.01,0.02,0.06,0.03,0.01,0.0,0.01,0.01,0.02,0.01,0.01,0.0,0.01,0.01,0.0,0.02,0.01,0.02,0.02,0.01,0.01,0.02,0.01,0.01,0.02,0.02,0.02,0.01,0.01,0.02,0.02,0.02,0.02,0.01,0.01,1.0,wuhouensis
